Series Name,Series Code,Country Name,Country Code,2016 [YR2016],2017 [YR2017],2018 [YR2018],2019 [YR2019],2020 [YR2020],2021 [YR2021],2022 [YR2022]
Terrestrial protected areas (% of total land area),ER.LND.PTLD.ZS,Afghanistan,AFG,0.1,0.104707034792812,0.104707034792812,0.104707,3.637257,3.637256622,3.6372566
Terrestrial protected areas (% of total land area),ER.LND.PTLD.ZS,Albania,ALB,17.21,17.7360953122157,17.7360953122157,18.58981,18.58981,18.5915699,18.591568
Terrestrial protected areas (% of total land area),ER.LND.PTLD.ZS,Algeria,DZA,7.5,7.49506002830462,7.49506002830462,7.495019,4.640436,4.640436172,4.6404362
Terrestrial protected areas (% of total land area),ER.LND.PTLD.ZS,American Samoa,ASM,4.27,15.8477447307274,15.8477447307274,15.84774,0.844952,15.84786701,15.847867
Terrestrial protected areas (% of total land area),ER.LND.PTLD.ZS,Andorra,AND,21.19,26.7277247815139,26.7277247815139,26.72772,26.72772,26.85726547,26.8572655
Terrestrial protected areas (% of total land area),ER.LND.PTLD.ZS,Angola,AGO,6.97,6.97142669594584,6.97142669594584,6.971426,6.971426,6.971426487,6.9714265
Terrestrial protected areas (% of total land area),ER.LND.PTLD.ZS,Antigua and Barbuda,ATG,19.33,18.5696736890488,18.5696736890488,18.56967,21.00285,19.93744278,19.9374428
Terrestrial protected areas (% of total land area),ER.LND.PTLD.ZS,Argentina,ARG,8.89,8.80825141581955,8.80825141581955,8.469773,8.476902,8.476902008,8.6914997
Terrestrial protected areas (% of total land area),ER.LND.PTLD.ZS,Armenia,ARM,23.11,23.1105028060216,23.1105028060216,24.3054,24.3054,24.30540466,24.6810169
Terrestrial protected areas (% of total land area),ER.LND.PTLD.ZS,Aruba,ABW,0.53,18.9175762600279,18.9175762600279,18.91758,18.91758,18.91757584,18.9175758
Terrestrial protected areas (% of total land area),ER.LND.PTLD.ZS,Australia,AUS,16.98,19.2656223071572,19.2656223071572,19.26562,20.33876,20.36292076,20.3629208
Terrestrial protected areas (% of total land area),ER.LND.PTLD.ZS,Austria,AUT,28.44,28.397981655605,28.397981655605,28.41688,29.09432,29.28332901,29.5004673
Terrestrial protected areas (% of total land area),ER.LND.PTLD.ZS,Azerbaijan,AZE,10.15,10.1551256208372,10.1551256208372,10.15513,10.15513,10.15512562,10.1551256
Terrestrial protected areas (% of total land area),ER.LND.PTLD.ZS,"Bahamas, The",BHS,31.2,36.6336475275265,36.6336475275265,36.63365,36.63365,36.63364792,36.6336479
Terrestrial protected areas (% of total land area),ER.LND.PTLD.ZS,Bahrain,BHR,6.7,6.62174781265092,6.62174781265092,6.621748,6.621748,6.621747971,12.9564543
Terrestrial protected areas (% of total land area),ER.LND.PTLD.ZS,Bangladesh,BGD,4.61,4.60596281196676,4.60596281196676,4.605963,4.605963,4.605962753,4.6059628
Terrestrial protected areas (% of total land area),ER.LND.PTLD.ZS,Barbados,BRB,1.35,1.27010819350234,1.27010819350234,1.270108,1.270108,1.270108223,1.2701082
Terrestrial protected areas (% of total land area),ER.LND.PTLD.ZS,Belarus,BLR,9.51,9.35349335261769,9.35349335261769,9.353494,9.353494,13.84298706,13.8429871
Terrestrial protected areas (% of total land area),ER.LND.PTLD.ZS,Belgium,BEL,23.21,23.293342934656,23.293342934656,24.91416,15.42513,15.49014282,15.5545855
Terrestrial protected areas (% of total land area),ER.LND.PTLD.ZS,Belize,BLZ,37.68,37.6793655671877,37.6793655671877,37.67917,37.54658,37.54658127,37.5465813
Terrestrial protected areas (% of total land area),ER.LND.PTLD.ZS,Benin,BEN,28.87,29.6233712049703,29.6233712049703,29.60411,29.60462,29.64332581,29.6433258
Terrestrial protected areas (% of total land area),ER.LND.PTLD.ZS,Bermuda,BMU,5.52,2.07991902345745,2.07991902345745,2.079919,2.079919,2.0799191,2.0799191
Terrestrial protected areas (% of total land area),ER.LND.PTLD.ZS,Bhutan,BTN,48.01,48.0078510451913,48.0078510451913,48.00785,49.66933,49.66933441,49.6693344
Terrestrial protected areas (% of total land area),ER.LND.PTLD.ZS,Bolivia,BOL,30.87,30.8654914952936,30.8654914952936,30.86557,30.86557,30.86556816,30.8655682
Terrestrial protected areas (% of total land area),ER.LND.PTLD.ZS,Bosnia and Herzegovina,BIH,1.45,1.39550157071326,1.39550157071326,1.395502,3.626755,3.971644878,4.0636635
Terrestrial protected areas (% of total land area),ER.LND.PTLD.ZS,Botswana,BWA,29.14,29.1432374214093,29.1432374214093,29.14326,29.14326,29.14325714,29.1432571
Terrestrial protected areas (% of total land area),ER.LND.PTLD.ZS,Brazil,BRA,28.94,29.4196676737717,29.4196676737717,29.41967,30.27737,30.3046875,30.3046875
Terrestrial protected areas (% of total land area),ER.LND.PTLD.ZS,British Virgin Islands,VGB,8.54,9.10881468166607,9.10881468166607,9.108814,9.108814,9.10881424,9.1088142
Terrestrial protected areas (% of total land area),ER.LND.PTLD.ZS,Brunei Darussalam,BRN,46.87,46.87211976066,46.87211976066,46.87212,46.87212,46.8721199,46.8721199
Terrestrial protected areas (% of total land area),ER.LND.PTLD.ZS,Bulgaria,BGR,34.69,34.7035801172141,34.7035801172141,40.58717,41.04409,41.04456329,41.044857
Terrestrial protected areas (% of total land area),ER.LND.PTLD.ZS,Burkina Faso,BFA,15.08,14.9228805539331,14.9228805539331,14.89044,16.40168,16.42637444,16.4263744
Terrestrial protected areas (% of total land area),ER.LND.PTLD.ZS,Burundi,BDI,7.59,7.5914717058788,7.5914717058788,7.591472,7.591472,7.591471672,7.5914717
Terrestrial protected areas (% of total land area),ER.LND.PTLD.ZS,Cabo Verde,CPV,2.6,2.89524038891919,2.89524038891919,2.89524,2.89524,2.895240307,2.8952403
Terrestrial protected areas (% of total land area),ER.LND.PTLD.ZS,Cambodia,KHM,26.03,26.027716099692,26.027716099692,26.02772,39.73864,39.73863602,39.738636
Terrestrial protected areas (% of total land area),ER.LND.PTLD.ZS,Cameroon,CMR,10.6,10.6005464149767,10.6005464149767,10.91132,10.94886,10.97888374,10.9788837
Terrestrial protected areas (% of total land area),ER.LND.PTLD.ZS,Canada,CAN,9.69,9.68557393581083,9.68557393581083,10.65714,9.903981,11.91143608,12.7079391
Terrestrial protected areas (% of total land area),ER.LND.PTLD.ZS,Cayman Islands,CYM,10.72,10.7627698356687,10.7627698356687,10.76277,10.76277,10.7627697,10.7627697
Terrestrial protected areas (% of total land area),ER.LND.PTLD.ZS,Central African Republic,CAF,18.06,18.0648242198926,18.0648242198926,18.06483,18.06482,18.06482315,18.0648232
Terrestrial protected areas (% of total land area),ER.LND.PTLD.ZS,Chad,TCD,20.35,20.3544358034532,20.3544358034532,20.35443,20.97125,20.97125435,20.9712543
Terrestrial protected areas (% of total land area),ER.LND.PTLD.ZS,Channel Islands,CHI,..,..,..,..,..,..,..
Terrestrial protected areas (% of total land area),ER.LND.PTLD.ZS,Chile,CHL,18.4,18.4944542424793,18.4944542424793,20.41992,20.89808,20.89808083,21.0499763
Terrestrial protected areas (% of total land area),ER.LND.PTLD.ZS,China,CHN,17.08,15.449041955767,15.449041955767,15.61175,15.61605,15.61604595,15.616046
Terrestrial protected areas (% of total land area),ER.LND.PTLD.ZS,Colombia,COL,14.16,14.8069558212089,14.8069558212089,14.80696,16.90938,16.90938568,16.4027538
Terrestrial protected areas (% of total land area),ER.LND.PTLD.ZS,Comoros,COM,10.17,10.1514342727337,10.1514342727337,10.15143,33.75271,33.75271225,33.7527122
Terrestrial protected areas (% of total land area),ER.LND.PTLD.ZS,"Congo, Dem. Rep.",COD,12.7,13.8332604673993,13.8332604673993,13.83326,13.83326,13.83326054,13.853673
Terrestrial protected areas (% of total land area),ER.LND.PTLD.ZS,"Congo, Rep.",COG,40.59,40.7380367837893,40.7380367837893,40.73804,36.79332,36.79332352,36.7933235
Terrestrial protected areas (% of total land area),ER.LND.PTLD.ZS,Costa Rica,CRI,27.6,27.6026953211753,27.6026953211753,28.29196,28.41677,28.41676521,26.5901375
Terrestrial protected areas (% of total land area),ER.LND.PTLD.ZS,Cote d'Ivoire,CIV,22.88,22.8846634839832,22.8846634839832,22.88466,22.96113,22.96141243,22.9614124
Terrestrial protected areas (% of total land area),ER.LND.PTLD.ZS,Croatia,HRV,38.11,38.2536302140039,38.2536302140039,38.25858,38.36187,38.36117554,38.5095253
Terrestrial protected areas (% of total land area),ER.LND.PTLD.ZS,Cuba,CUB,16.55,16.5532324654921,16.5532324654921,16.22878,16.22914,16.22913742,16.2291374
Terrestrial protected areas (% of total land area),ER.LND.PTLD.ZS,Curacao,CUW,15.52,15.4623806987241,15.4623806987241,15.74578,15.74578,15.74577713,15.7457771
Terrestrial protected areas (% of total land area),ER.LND.PTLD.ZS,Cyprus,CYP,18.65,18.6504409036147,18.6504409036147,38.53421,38.59827,38.59827423,38.7208405
Terrestrial protected areas (% of total land area),ER.LND.PTLD.ZS,Czechia,CZE,21.69,22.1556760039807,22.1556760039807,22.15984,22.16226,22.1643734,22.1680202
Terrestrial protected areas (% of total land area),ER.LND.PTLD.ZS,Denmark,DNK,17.56,18.1020211937511,18.1020211937511,17.23342,16.97145,16.97145653,16.9702816
Terrestrial protected areas (% of total land area),ER.LND.PTLD.ZS,Djibouti,DJI,1.57,1.57464592463938,1.57464592463938,1.574646,1.574646,1.574645877,1.5746459
Terrestrial protected areas (% of total land area),ER.LND.PTLD.ZS,Dominica,DMA,22.06,21.9868244583373,21.9868244583373,21.98682,21.96185,21.96185303,21.961853
Terrestrial protected areas (% of total land area),ER.LND.PTLD.ZS,Dominican Republic,DOM,23.02,26.2367518845671,26.2367518845671,26.23675,26.23675,26.23675156,26.3893795
Terrestrial protected areas (% of total land area),ER.LND.PTLD.ZS,Ecuador,ECU,20.03,21.6861189348777,21.6861189348777,21.68607,22.35469,23.21682358,23.4213009
Terrestrial protected areas (% of total land area),ER.LND.PTLD.ZS,"Egypt, Arab Rep.",EGY,13.14,13.1360553831375,13.1360553831375,13.13605,13.13605,13.13605499,13.136055
Terrestrial protected areas (% of total land area),ER.LND.PTLD.ZS,El Salvador,SLV,8.78,8.77628667233756,8.77628667233756,8.776287,8.644199,8.644199371,8.6441994
Terrestrial protected areas (% of total land area),ER.LND.PTLD.ZS,Equatorial Guinea,GNQ,19.27,19.2667589536442,19.2667589536442,19.26676,19.26676,19.26675987,19.2667599
Terrestrial protected areas (% of total land area),ER.LND.PTLD.ZS,Eritrea,ERI,4.87,4.87239093903435,4.87239093903435,4.872391,4.872391,0,0
Terrestrial protected areas (% of total land area),ER.LND.PTLD.ZS,Estonia,EST,20.18,20.2184748207416,20.2184748207416,20.57705,21.21033,21.32925797,21.4095879
Terrestrial protected areas (% of total land area),ER.LND.PTLD.ZS,Eswatini,SWZ,4.1,4.23300820628733,4.23300820628733,4.258265,4.258265,4.258264542,4.2582645
Terrestrial protected areas (% of total land area),ER.LND.PTLD.ZS,Ethiopia,ETH,18.47,18.4749603066502,18.4749603066502,17.621,16.06408,17.00963783,17.0096378
Terrestrial protected areas (% of total land area),ER.LND.PTLD.ZS,Faroe Islands,FRO,2.34,2.32909328433195,2.32909328433195,2.329093,2.329093,2.329093218,2.3290932
Terrestrial protected areas (% of total land area),ER.LND.PTLD.ZS,Fiji,FJI,5.4,5.41119687502089,5.41119687502089,5.411197,5.411197,5.411196709,5.4111967
Terrestrial protected areas (% of total land area),ER.LND.PTLD.ZS,Finland,FIN,14.94,15.0232916032633,15.0232916032633,13.27785,13.29881,13.33106899,13.3991909
Terrestrial protected areas (% of total land area),ER.LND.PTLD.ZS,France,FRA,26.03,25.7919660039,25.7919660039,26.33798,27.28074,27.9785347,28.3997669
Terrestrial protected areas (% of total land area),ER.LND.PTLD.ZS,French Polynesia,PYF,1.96,1.95319459774213,1.95319459774213,1.953195,1.953195,2.026317596,2.0263176
Terrestrial protected areas (% of total land area),ER.LND.PTLD.ZS,Gabon,GAB,20.14,22.4427560590428,22.4427560590428,22.44276,22.44276,22.44275665,22.4427567
Terrestrial protected areas (% of total land area),ER.LND.PTLD.ZS,"Gambia, The",GMB,4.11,4.10736207362125,4.10736207362125,4.107362,7.718581,7.7185812,7.7185812
Terrestrial protected areas (% of total land area),ER.LND.PTLD.ZS,Georgia,GEO,8.33,8.33359715447386,8.33359715447386,9.290612,9.290612,9.290612221,11.1115513
Terrestrial protected areas (% of total land area),ER.LND.PTLD.ZS,Germany,DEU,37.68,37.7519230162364,37.7519230162364,37.37983,37.79964,37.45127487,37.5871277
Terrestrial protected areas (% of total land area),ER.LND.PTLD.ZS,Ghana,GHA,15.06,15.0573797984075,15.0573797984075,15.04325,14.84406,14.84405708,14.8440571
Terrestrial protected areas (% of total land area),ER.LND.PTLD.ZS,Gibraltar,GIB,26.67,32.4234218176205,32.4234218176205,32.42342,4.684869,4.684868813,0
Terrestrial protected areas (% of total land area),ER.LND.PTLD.ZS,Greece,GRC,34.96,35.2163408633262,35.2163408633262,35.21634,35.21633,35.21632767,35.2163315
Terrestrial protected areas (% of total land area),ER.LND.PTLD.ZS,Greenland,GRL,41.12,41.1536023513172,41.1536023513172,41.1161,41.11041,41.58869171,41.1104088
Terrestrial protected areas (% of total land area),ER.LND.PTLD.ZS,Grenada,GRD,9.37,9.77750817324608,9.77750817324608,9.777508,9.537955,9.537955284,9.5379553
Terrestrial protected areas (% of total land area),ER.LND.PTLD.ZS,Guam,GUM,21.92,22.4691376782389,22.4691376782389,22.46914,2.663595,4.467405319,4.4674053
Terrestrial protected areas (% of total land area),ER.LND.PTLD.ZS,Guatemala,GTM,31.75,20.0478790782543,20.0478790782543,20.0493,20.11928,20.11927605,20.119276
Terrestrial protected areas (% of total land area),ER.LND.PTLD.ZS,Guinea,GIN,30.68,35.6461939863954,35.6461939863954,35.64619,35.82653,37.56547165,37.5654716
Terrestrial protected areas (% of total land area),ER.LND.PTLD.ZS,Guinea-Bissau,GNB,16.66,16.662653555347,16.662653555347,16.66265,26.32349,26.32348824,27.1057301
Terrestrial protected areas (% of total land area),ER.LND.PTLD.ZS,Guyana,GUY,8.74,8.73748680882895,8.73748680882895,8.500243,8.500243,8.500243187,8.5002432
Terrestrial protected areas (% of total land area),ER.LND.PTLD.ZS,Haiti,HTI,0.27,1.9498829806779,1.9498829806779,7.135203,7.135203,8.60705471,8.6070547
Terrestrial protected areas (% of total land area),ER.LND.PTLD.ZS,Honduras,HND,28.44,23.8855522578119,23.8855522578119,23.88555,23.45059,23.45059395,23.4505939
Terrestrial protected areas (% of total land area),ER.LND.PTLD.ZS,"Hong Kong SAR, China",HKG,41.9,41.8836803684402,41.8836803684402,41.88368,41.88368,41.88367844,41.8836784
Terrestrial protected areas (% of total land area),ER.LND.PTLD.ZS,Hungary,HUN,22.6,22.5975581595624,22.5975581595624,22.59878,22.59737,22.60095787,22.6009045
Terrestrial protected areas (% of total land area),ER.LND.PTLD.ZS,Iceland,ISL,17.44,18.15153229479,18.15153229479,19.50351,19.89557,20.30138588,20.7846069
Terrestrial protected areas (% of total land area),ER.LND.PTLD.ZS,India,IND,5.97,5.96651940171319,5.96651940171319,5.966519,5.966519,7.518889427,7.5188894
Terrestrial protected areas (% of total land area),ER.LND.PTLD.ZS,Indonesia,IDN,11.87,12.1656963637972,12.1656963637972,12.1657,12.1657,12.1656971,12.1656971
Terrestrial protected areas (% of total land area),ER.LND.PTLD.ZS,"Iran, Islamic Rep.",IRN,8.61,8.61413274206963,8.61413274206963,8.614133,8.614133,8.614132881,8.6141329
Terrestrial protected areas (% of total land area),ER.LND.PTLD.ZS,Iraq,IRQ,1.54,1.53341211794309,1.53341211794309,1.533412,1.533412,1.533412099,1.5334121
Terrestrial protected areas (% of total land area),ER.LND.PTLD.ZS,Ireland,IRL,14.44,14.4412618535015,14.4412618535015,14.43854,14.43525,14.43525028,14.4344702
Terrestrial protected areas (% of total land area),ER.LND.PTLD.ZS,Isle of Man,IMN,3.78,3.72176999077853,3.72176999077853,5.453444,5.453444,5.453444481,5.4534445
Terrestrial protected areas (% of total land area),ER.LND.PTLD.ZS,Israel,ISR,19.94,19.9465990771498,19.9465990771498,19.9466,24.48995,24.48995018,24.4899502
Terrestrial protected areas (% of total land area),ER.LND.PTLD.ZS,Italy,ITA,21.51,21.5390596088817,21.5390596088817,21.4841,21.49333,21.49238968,21.5763645
Terrestrial protected areas (% of total land area),ER.LND.PTLD.ZS,Jamaica,JAM,15.91,15.916513533077,15.916513533077,15.91651,15.91651,16.17561913,20.0014114
Terrestrial protected areas (% of total land area),ER.LND.PTLD.ZS,Japan,JPN,19.36,29.3875386330145,29.3875386330145,29.38754,29.38754,29.74921799,29.749218
Terrestrial protected areas (% of total land area),ER.LND.PTLD.ZS,Jordan,JOR,1.73,1.77057864219415,1.77057864219415,3.092411,4.474362,4.474361897,4.4762559
Terrestrial protected areas (% of total land area),ER.LND.PTLD.ZS,Kazakhstan,KAZ,3.28,3.3120856618332,3.3120856618332,3.312086,10.02986,10.02985764,10.0298576
Terrestrial protected areas (% of total land area),ER.LND.PTLD.ZS,Kenya,KEN,12.36,12.3633596228224,12.3633596228224,12.36338,12.42223,12.42223358,12.191143
Terrestrial protected areas (% of total land area),ER.LND.PTLD.ZS,Kiribati,KIR,22.37,22.3604134900276,22.3604134900276,22.36041,22.36041,22.36041451,22.3604145
Terrestrial protected areas (% of total land area),ER.LND.PTLD.ZS,"Korea, Dem. People's Rep.",PRK,2.44,2.43534150328306,2.43534150328306,2.435342,2.435342,2.435341597,2.4353416
Terrestrial protected areas (% of total land area),ER.LND.PTLD.ZS,"Korea, Rep.",KOR,11.23,11.6711249951255,11.6711249951255,15.70074,16.7402,16.96534538,16.9653454
Terrestrial protected areas (% of total land area),ER.LND.PTLD.ZS,Kosovo,XKX,..,..,..,..,..,..,..
Terrestrial protected areas (% of total land area),ER.LND.PTLD.ZS,Kuwait,KWT,17.5,17.5006769636402,17.5006769636402,17.10378,17.10378,17.10377884,17.1037788
Terrestrial protected areas (% of total land area),ER.LND.PTLD.ZS,Kyrgyz Republic,KGZ,6.51,6.70269298312778,6.70269298312778,6.702693,6.705673,6.705672741,6.7056727
Terrestrial protected areas (% of total land area),ER.LND.PTLD.ZS,Lao PDR,LAO,16.68,16.6822056274146,16.6822056274146,16.68221,18.68756,18.68756104,18.687561
Terrestrial protected areas (% of total land area),ER.LND.PTLD.ZS,Latvia,LVA,18.17,18.1713211908866,18.1713211908866,18.17865,18.19271,18.19396782,18.1834526
Terrestrial protected areas (% of total land area),ER.LND.PTLD.ZS,Lebanon,LBN,2.59,2.59730862397557,2.59730862397557,2.597309,2.597309,1.890191793,1.8901918
Terrestrial protected areas (% of total land area),ER.LND.PTLD.ZS,Lesotho,LSO,0.26,0.261388681242792,0.261388681242792,0.261389,0.503159,0.503159344,0.5031593
Terrestrial protected areas (% of total land area),ER.LND.PTLD.ZS,Liberia,LBR,2.49,4.05131092547338,4.05131092547338,4.051311,4.052766,4.052999973,4.053
Terrestrial protected areas (% of total land area),ER.LND.PTLD.ZS,Libya,LBY,0.21,0.211847868078981,0.211847868078981,0.211848,0.128445,0.12844488,0.1284449
Terrestrial protected areas (% of total land area),ER.LND.PTLD.ZS,Liechtenstein,LIE,42.49,11.9351041815517,11.9351041815517,42.18697,42.63227,42.63227463,42.6322746
Terrestrial protected areas (% of total land area),ER.LND.PTLD.ZS,Lithuania,LTU,16.94,17.0231009753366,17.0231009753366,17.03355,17.04521,17.04550934,17.0758858
Terrestrial protected areas (% of total land area),ER.LND.PTLD.ZS,Luxembourg,LUX,32.27,40.87274137855,40.87274137855,51.18272,51.21042,51.34111023,55.8024483
Terrestrial protected areas (% of total land area),ER.LND.PTLD.ZS,"Macao SAR, China",MAC,..,..,..,..,..,..,..
Terrestrial protected areas (% of total land area),ER.LND.PTLD.ZS,Madagascar,MDG,5.25,5.58955631461027,5.58955631461027,5.589556,7.486076,7.486076355,7.4860764
Terrestrial protected areas (% of total land area),ER.LND.PTLD.ZS,Malawi,MWI,16.89,22.8760477102777,22.8760477102777,22.87605,22.87605,22.87604713,22.8760471
Terrestrial protected areas (% of total land area),ER.LND.PTLD.ZS,Malaysia,MYS,19.14,19.1193165594385,19.1193165594385,19.11932,13.32667,13.32667351,13.3266735
Terrestrial protected areas (% of total land area),ER.LND.PTLD.ZS,Maldives,MDV,0.98,1.20909567705006,1.20909567705006,1.209096,2.297364,2.297363758,2.2973638
Terrestrial protected areas (% of total land area),ER.LND.PTLD.ZS,Mali,MLI,8.23,8.23161005507261,8.23161005507261,8.23161,7.52705,7.527049541,7.5270495
Terrestrial protected areas (% of total land area),ER.LND.PTLD.ZS,Malta,MLT,23.69,30.2863758326223,30.2863758326223,30.17002,30.63528,30.63582993,30.6358299
Terrestrial protected areas (% of total land area),ER.LND.PTLD.ZS,Marshall Islands,MHL,12.06,11.9157086072553,11.9157086072553,11.91571,11.91571,11.91570854,11.9157085
Terrestrial protected areas (% of total land area),ER.LND.PTLD.ZS,Mauritania,MRT,0.62,0.621988213831289,0.621988213831289,0.621988,0.621988,0.621988237,0.6219882
Terrestrial protected areas (% of total land area),ER.LND.PTLD.ZS,Mauritius,MUS,4.75,4.7253888127124,4.7253888127124,4.725389,4.725389,4.725389004,4.725389
Terrestrial protected areas (% of total land area),ER.LND.PTLD.ZS,Mexico,MEX,14.27,14.5005326014623,14.5005326014623,14.49159,14.49159,14.49158573,14.5979404
Terrestrial protected areas (% of total land area),ER.LND.PTLD.ZS,"Micronesia, Fed. Sts.",FSM,4.28,0.0491628404366948,0.0491628404366948,0.049163,0.049163,0.049162839,0.0491628
Terrestrial protected areas (% of total land area),ER.LND.PTLD.ZS,Moldova,MDA,4.15,4.15053454855149,4.15053454855149,4.150535,4.150535,11.43058014,11.4305801
Terrestrial protected areas (% of total land area),ER.LND.PTLD.ZS,Monaco,MCO,62.5,33.1551035825643,33.1551035825643,33.15511,33.15511,10.1800375,10.1800375
Terrestrial protected areas (% of total land area),ER.LND.PTLD.ZS,Mongolia,MNG,17.4,17.7138825654778,17.7138825654778,17.71388,19.79836,19.79836655,19.7983665
Terrestrial protected areas (% of total land area),ER.LND.PTLD.ZS,Montenegro,MNE,4.06,6.40071102866758,6.40071102866758,10.54801,13.78214,13.78214073,13.8518906
Terrestrial protected areas (% of total land area),ER.LND.PTLD.ZS,Morocco,MAR,30.81,30.7776011103996,30.7776011103996,30.7776,4.267908,2.200716257,2.2007163
Terrestrial protected areas (% of total land area),ER.LND.PTLD.ZS,Mozambique,MOZ,21.59,21.5932282429122,21.5932282429122,21.57328,29.4848,29.48480034,29.4848003
Terrestrial protected areas (% of total land area),ER.LND.PTLD.ZS,Myanmar,MMR,7.17,6.37050102009697,6.37050102009697,6.350931,6.580059,6.580059052,6.5800591
Terrestrial protected areas (% of total land area),ER.LND.PTLD.ZS,Namibia,NAM,37.89,37.8909310253112,37.8909310253112,37.89093,37.89093,37.89093018,37.8909302
Terrestrial protected areas (% of total land area),ER.LND.PTLD.ZS,Nauru,NRU,..,..,..,..,..,0,0
Terrestrial protected areas (% of total land area),ER.LND.PTLD.ZS,Nepal,NPL,23.63,23.6260419833246,23.6260419833246,23.62604,23.62604,23.62604141,23.6260414
Terrestrial protected areas (% of total land area),ER.LND.PTLD.ZS,Netherlands,NLD,11.33,11.2437344510112,11.2437344510112,22.47624,22.48051,22.4797554,22.4687176
Terrestrial protected areas (% of total land area),ER.LND.PTLD.ZS,New Caledonia,NCL,54.41,54.4041576282141,54.4041576282141,59.65821,59.65821,59.65821075,59.6582108
Terrestrial protected areas (% of total land area),ER.LND.PTLD.ZS,New Zealand,NZL,32.55,32.5452558558454,32.5452558558454,32.80693,33.39541,33.39541245,33.3954124
Terrestrial protected areas (% of total land area),ER.LND.PTLD.ZS,Nicaragua,NIC,37.23,37.2258679264252,37.2258679264252,37.22587,21.34728,21.34727669,21.3472767
Terrestrial protected areas (% of total land area),ER.LND.PTLD.ZS,Niger,NER,17.32,17.3170925189084,17.3170925189084,17.31709,18.19902,18.19902039,18.1990204
Terrestrial protected areas (% of total land area),ER.LND.PTLD.ZS,Nigeria,NGA,13.93,13.9295836103116,13.9295836103116,13.92958,13.92958,13.92664909,13.9266491
Terrestrial protected areas (% of total land area),ER.LND.PTLD.ZS,North Macedonia,MKD,9.65,9.65406515792627,9.65406515792627,10.56065,8.957362,12.48364639,15.3937559
Terrestrial protected areas (% of total land area),ER.LND.PTLD.ZS,Northern Mariana Islands,MNP,7.58,7.6694498339144,7.6694498339144,7.66945,7.659096,7.659095764,7.6590958
Terrestrial protected areas (% of total land area),ER.LND.PTLD.ZS,Norway,NOR,16.97,17.1064928744818,17.1064928744818,16.83086,17.60164,29.91703987,30.5175972
Terrestrial protected areas (% of total land area),ER.LND.PTLD.ZS,Oman,OMN,2.57,2.5727331813508,2.5727331813508,2.572733,2.572733,3.580244541,3.5802445
Terrestrial protected areas (% of total land area),ER.LND.PTLD.ZS,Pakistan,PAK,12.31,12.3145852779876,12.3145852779876,12.31459,12.31459,12.31458569,12.3145857
Terrestrial protected areas (% of total land area),ER.LND.PTLD.ZS,Palau,PLW,27.94,28.0001910270941,28.0001910270941,44.1768,44.1768,44.17679596,44.176796
Terrestrial protected areas (% of total land area),ER.LND.PTLD.ZS,Panama,PAN,20.89,20.8919399833618,20.8919399833618,20.89204,31.93587,31.3670845,31.3670845
Terrestrial protected areas (% of total land area),ER.LND.PTLD.ZS,Papua New Guinea,PNG,3.07,3.06592990438946,3.06592990438946,3.69006,3.69006,3.690060139,3.6900601
Terrestrial protected areas (% of total land area),ER.LND.PTLD.ZS,Paraguay,PRY,6.51,14.3147360800329,14.3147360800329,14.31472,14.31472,14.31472015,14.3147202
Terrestrial protected areas (% of total land area),ER.LND.PTLD.ZS,Peru,PER,21.27,21.3141727885924,21.3141727885924,21.53343,21.63516,22.2677803,22.5196667
Terrestrial protected areas (% of total land area),ER.LND.PTLD.ZS,Philippines,PHL,15.32,15.3166593209145,15.3166593209145,15.37247,15.37247,15.86868954,15.8686895
Terrestrial protected areas (% of total land area),ER.LND.PTLD.ZS,Poland,POL,39.62,39.6501395273886,39.6501395273886,39.73741,39.54286,39.53779221,39.5688171
Terrestrial protected areas (% of total land area),ER.LND.PTLD.ZS,Portugal,PRT,22.96,22.9011800781885,22.9011800781885,22.91624,22.9124,22.91239548,22.9131279
Terrestrial protected areas (% of total land area),ER.LND.PTLD.ZS,Puerto Rico,PRI,7.44,7.26916490580618,7.26916490580618,7.269165,7.181382,7.375490189,7.3754902
Terrestrial protected areas (% of total land area),ER.LND.PTLD.ZS,Qatar,QAT,2.45,13.2292354317909,13.2292354317909,13.22924,15.78167,15.7816658,15.7816658
Terrestrial protected areas (% of total land area),ER.LND.PTLD.ZS,Romania,ROU,24.35,24.461867500098,24.461867500098,24.52046,24.52046,24.52049065,24.5213623
Terrestrial protected areas (% of total land area),ER.LND.PTLD.ZS,Russian Federation,RUS,9.72,9.72691481458987,9.72691481458987,9.726914,9.726914,11.4531889,11.4531889
Terrestrial protected areas (% of total land area),ER.LND.PTLD.ZS,Rwanda,RWA,9.12,9.11408907313889,9.11408907313889,9.114089,9.105247,9.105247498,9.1052475
Terrestrial protected areas (% of total land area),ER.LND.PTLD.ZS,Samoa,WSM,6.77,7.34958500166056,7.34958500166056,7.349585,8.224874,8.224873543,8.2248735
Terrestrial protected areas (% of total land area),ER.LND.PTLD.ZS,San Marino,SMR,..,..,..,..,..,..,..
Terrestrial protected areas (% of total land area),ER.LND.PTLD.ZS,Sao Tome and Principe,STP,29.21,29.2559098318401,29.2559098318401,29.25591,29.25591,29.25590897,29.255909
Terrestrial protected areas (% of total land area),ER.LND.PTLD.ZS,Saudi Arabia,SAU,4.33,4.76012714075407,4.76012714075407,4.760127,4.760127,4.760127068,4.7601271
Terrestrial protected areas (% of total land area),ER.LND.PTLD.ZS,Senegal,SEN,25.21,25.3527742991175,25.3527742991175,25.35277,25.35277,26.39417076,26.3941708
Terrestrial protected areas (% of total land area),ER.LND.PTLD.ZS,Serbia,SRB,6.15,6.61310734024645,6.61310734024645,7.555409,7.6445,7.647287369,8.13799
Terrestrial protected areas (% of total land area),ER.LND.PTLD.ZS,Seychelles,SYC,42.1,42.0940459472333,42.0940459472333,49.63874,61.52088,61.52087784,61.5208778
Terrestrial protected areas (% of total land area),ER.LND.PTLD.ZS,Sierra Leone,SLE,9.39,9.38631962647526,9.38631962647526,9.386319,9.386319,12.74968338,12.7496834
Terrestrial protected areas (% of total land area),ER.LND.PTLD.ZS,Singapore,SGP,5.62,5.55455982847758,5.55455982847758,5.55456,5.55456,5.554559708,5.5545597
Terrestrial protected areas (% of total land area),ER.LND.PTLD.ZS,Sint Maarten (Dutch part),SXM,..,0.000372593988169995,0.000372593988169995,0.000373,0.000373,0.726973474,0.7269735
Terrestrial protected areas (% of total land area),ER.LND.PTLD.ZS,Slovak Republic,SVK,37.28,37.6304133373472,37.6304133373472,37.58672,37.5878,37.58747101,37.5865822
Terrestrial protected areas (% of total land area),ER.LND.PTLD.ZS,Slovenia,SVN,53.64,53.6229604410885,53.6229604410885,53.56117,40.36329,40.36310196,40.4387856
Terrestrial protected areas (% of total land area),ER.LND.PTLD.ZS,Solomon Islands,SLB,2.21,2.21026612316804,2.21026612316804,1.764128,1.817043,1.817042828,2.0041173
Terrestrial protected areas (% of total land area),ER.LND.PTLD.ZS,Somalia,SOM,0.83,..,..,..,0,0,0
Terrestrial protected areas (% of total land area),ER.LND.PTLD.ZS,South Africa,ZAF,14.13,7.99816492065785,7.99816492065785,8.335646,8.63465,8.693370819,9.2616148
Terrestrial protected areas (% of total land area),ER.LND.PTLD.ZS,South Sudan,SSD,15.5,15.5015012515745,15.5015012515745,15.5015,15.5015,15.50150108,15.5015011
Terrestrial protected areas (% of total land area),ER.LND.PTLD.ZS,Spain,ESP,28.02,28.0656336491221,28.0656336491221,28.10086,28.12026,28.12472725,28.1166744
Terrestrial protected areas (% of total land area),ER.LND.PTLD.ZS,Sri Lanka,LKA,29.86,29.8619988979122,29.8619988979122,29.862,29.862,29.86199951,29.8619995
Terrestrial protected areas (% of total land area),ER.LND.PTLD.ZS,St. Kitts and Nevis,KNA,3.32,3.3166347171568,3.3166347171568,22.89831,22.89831,22.89831352,22.8983135
Terrestrial protected areas (% of total land area),ER.LND.PTLD.ZS,St. Lucia,LCA,18.8,18.7452095914066,18.7452095914066,18.74521,18.74521,18.74520874,18.7452087
Terrestrial protected areas (% of total land area),ER.LND.PTLD.ZS,St. Martin (French part),MAF,16.78,12.77155153357,12.77155153357,12.77155,12.77169,12.7715435,12.7715502
Terrestrial protected areas (% of total land area),ER.LND.PTLD.ZS,St. Vincent and the Grenadines,VCT,22.44,22.4196222232063,22.4196222232063,22.41962,22.41962,22.41962242,22.4196224
Terrestrial protected areas (% of total land area),ER.LND.PTLD.ZS,Sudan,SDN,2.28,2.28176318372903,2.28176318372903,2.281763,2.281763,2.281763315,2.2817633
Terrestrial protected areas (% of total land area),ER.LND.PTLD.ZS,Suriname,SUR,14.52,14.5201387866369,14.5201387866369,14.52014,14.52014,14.52013874,14.5201387
Terrestrial protected areas (% of total land area),ER.LND.PTLD.ZS,Sweden,SWE,14.47,14.8820274643842,14.8820274643842,14.37436,14.46126,14.51886272,15.4291687
Terrestrial protected areas (% of total land area),ER.LND.PTLD.ZS,Switzerland,CHE,9.65,9.66518426119506,9.66518426119506,9.993424,11.95877,12.13257694,12.1402102
Terrestrial protected areas (% of total land area),ER.LND.PTLD.ZS,Syrian Arab Republic,SYR,0.69,0.685302813189004,0.685302813189004,0.685303,0.685303,0.685302794,0.6853028
Terrestrial protected areas (% of total land area),ER.LND.PTLD.ZS,Tajikistan,TJK,22.28,22.2786610881726,22.2786610881726,22.27866,22.27866,22.27866173,22.2786617
Terrestrial protected areas (% of total land area),ER.LND.PTLD.ZS,Tanzania,TZA,38.12,38.1455762725252,38.1455762725252,38.17291,38.2436,38.24360275,38.3785095
Terrestrial protected areas (% of total land area),ER.LND.PTLD.ZS,Thailand,THA,18.81,18.8091720900762,18.8091720900762,18.80917,18.54725,18.54780197,18.547802
Terrestrial protected areas (% of total land area),ER.LND.PTLD.ZS,Timor-Leste,TLS,13.05,13.0574664834943,13.0574664834943,15.99753,15.99753,15.99752903,15.997529
Terrestrial protected areas (% of total land area),ER.LND.PTLD.ZS,Togo,TGO,27.62,27.621242705615,27.621242705615,27.62124,27.97591,27.97591209,27.9759121
Terrestrial protected areas (% of total land area),ER.LND.PTLD.ZS,Tonga,TON,15.92,15.9127902459233,15.9127902459233,12.58862,12.58862,12.58862114,12.5886211
Terrestrial protected areas (% of total land area),ER.LND.PTLD.ZS,Trinidad and Tobago,TTO,30.6,30.5928101253097,30.5928101253097,30.59282,30.59282,30.59281921,30.5928192
Terrestrial protected areas (% of total land area),ER.LND.PTLD.ZS,Tunisia,TUN,7.91,7.91467724685807,7.91467724685807,7.914676,7.914676,7.914675713,7.9146757
Terrestrial protected areas (% of total land area),ER.LND.PTLD.ZS,Turkiye,TUR,0.22,0.218488653218068,0.218488653218068,0.218489,0.218489,6.95181942,6.9518194
Terrestrial protected areas (% of total land area),ER.LND.PTLD.ZS,Turkmenistan,TKM,3.25,3.24826224726187,3.24826224726187,3.248262,3.248262,3.248262167,3.2482622
Terrestrial protected areas (% of total land area),ER.LND.PTLD.ZS,Turks and Caicos Islands,TCA,44.39,44.3674254967153,44.3674254967153,44.36742,44.36742,44.36742401,44.367424
Terrestrial protected areas (% of total land area),ER.LND.PTLD.ZS,Tuvalu,TUV,2.39,1.95194115592284,1.95194115592284,13.24064,13.24064,13.24063969,13.2406397
Terrestrial protected areas (% of total land area),ER.LND.PTLD.ZS,Uganda,UGA,16.06,16.0639496289362,16.0639496289362,16.06395,16.06185,16.06184578,16.0618458
Terrestrial protected areas (% of total land area),ER.LND.PTLD.ZS,Ukraine,UKR,3.96,3.98675314313722,3.98675314313722,3.983601,4.344565,12.96219063,12.9621906
Terrestrial protected areas (% of total land area),ER.LND.PTLD.ZS,United Arab Emirates,ARE,13.07,17.9549206384619,17.9549206384619,17.95492,19.35131,19.35130501,19.351305
Terrestrial protected areas (% of total land area),ER.LND.PTLD.ZS,United Kingdom,GBR,28.24,28.683437277978,28.683437277978,28.70783,28.73743,28.73743057,27.7695599
Terrestrial protected areas (% of total land area),ER.LND.PTLD.ZS,United States,USA,12.97,12.9938720224773,12.9938720224773,12.99393,11.79026,13.01813793,13.0182571
Terrestrial protected areas (% of total land area),ER.LND.PTLD.ZS,Uruguay,URY,3.5,3.44620192299909,3.44620192299909,3.446202,3.674082,3.675072908,3.6750729
Terrestrial protected areas (% of total land area),ER.LND.PTLD.ZS,Uzbekistan,UZB,3.38,3.37521371527249,3.37521371527249,3.375214,5.767847,5.767846584,5.7678466
Terrestrial protected areas (% of total land area),ER.LND.PTLD.ZS,Vanuatu,VUT,4.2,4.20053186765401,4.20053186765401,4.200532,4.200532,4.20053196,4.200532
Terrestrial protected areas (% of total land area),ER.LND.PTLD.ZS,"Venezuela, RB",VEN,54.14,54.1441744357702,54.1441744357702,54.14416,56.879,56.8789978,56.8789978
Terrestrial protected areas (% of total land area),ER.LND.PTLD.ZS,Vietnam,VNM,7.58,7.57677987501149,7.57677987501149,7.576781,7.576781,7.576780796,7.5767808
Terrestrial protected areas (% of total land area),ER.LND.PTLD.ZS,Virgin Islands (U.S.),VIR,14.64,13.7945741945059,13.7945741945059,13.79457,13.31499,14.3675518,14.3675518
Terrestrial protected areas (% of total land area),ER.LND.PTLD.ZS,West Bank and Gaza,PSE,..,8.3592518432039,8.3592518432039,8.359252,8.359252,8.359251976,8.359252
Terrestrial protected areas (% of total land area),ER.LND.PTLD.ZS,"Yemen, Rep.",YEM,0.77,0.771943980228183,0.771943980228183,0.771944,0.771944,0.771943986,0.771944
Terrestrial protected areas (% of total land area),ER.LND.PTLD.ZS,Zambia,ZMB,38.05,37.8700104508234,37.8700104508234,41.2594,41.2594,41.25939941,41.2593994
Terrestrial protected areas (% of total land area),ER.LND.PTLD.ZS,Zimbabwe,ZWE,27.21,27.2145851759138,27.2145851759138,27.21475,27.21475,27.21474648,27.2147465
Terrestrial protected areas (% of total land area),ER.LND.PTLD.ZS,Africa Eastern and Southern,AFE,16.4672919612976,16.8786648338144,16.8786590711976,17.0167648016131,16.7094354161778,..,..
Terrestrial protected areas (% of total land area),ER.LND.PTLD.ZS,Africa Western and Central,AFW,15.491133110851,15.725047476481,15.725047476481,15.7395869366317,15.799641203721,..,..
Terrestrial protected areas (% of total land area),ER.LND.PTLD.ZS,Arab World,ARB,4.94471236042273,5.27641658478575,5.27641658478575,5.28526813137696,3.62805182220735,..,..
Terrestrial protected areas (% of total land area),ER.LND.PTLD.ZS,Caribbean small states,CSS,13.6508563415251,13.8223398502535,13.8223398502535,13.7167895640589,13.712018951815,..,..
Terrestrial protected areas (% of total land area),ER.LND.PTLD.ZS,Central Europe and the Baltics,CEB,30.2876886710803,30.3787805819334,30.378814256061,30.9866482362979,30.7804240996,..,..
Terrestrial protected areas (% of total land area),ER.LND.PTLD.ZS,Early-demographic dividend,EAR,12.7816023743023,12.6747045064077,12.674795785435,12.6543067617703,12.5845533476676,..,..
Terrestrial protected areas (% of total land area),ER.LND.PTLD.ZS,East Asia & Pacific,EAS,16.2221693350988,16.4779749346423,16.4779529126441,16.5769165317213,17.0966972120665,..,..
Terrestrial protected areas (% of total land area),ER.LND.PTLD.ZS,East Asia & Pacific (excluding high income),EAP,15.492260758657,14.562819067088,14.5627816058607,14.6785495834172,14.9462501632094,..,..
Terrestrial protected areas (% of total land area),ER.LND.PTLD.ZS,East Asia & Pacific (IDA & IBRD countries),TEA,15.589577604285,14.6530785748798,14.6530410723395,14.7696731880572,15.0395549572996,..,..
Terrestrial protected areas (% of total land area),ER.LND.PTLD.ZS,Euro area,EMU,25.7920692231054,25.8000581810218,25.8000661572948,25.9161879286057,25.9941914152399,..,..
Terrestrial protected areas (% of total land area),ER.LND.PTLD.ZS,Europe & Central Asia,ECS,11.6756920097773,11.7080311339841,11.7080547948249,11.7419719922733,12.4528192608609,..,..
Terrestrial protected areas (% of total land area),ER.LND.PTLD.ZS,Europe & Central Asia (excluding high income),ECA,8.3824020972653,8.39580297953898,8.39580297953898,8.43633337727848,9.28755757120503,..,..
Terrestrial protected areas (% of total land area),ER.LND.PTLD.ZS,Europe & Central Asia (IDA & IBRD countries),TEC,9.06058610885651,9.07566977534725,9.0756825809257,9.11687423747224,9.94325759631073,..,..
Terrestrial protected areas (% of total land area),ER.LND.PTLD.ZS,European Union,EUU,25.5794544146793,25.6616768823521,25.6617157575152,25.8275617877435,25.8861658424919,..,..
Terrestrial protected areas (% of total land area),ER.LND.PTLD.ZS,Fragile and conflict affected situations,FCS,12.5475260612714,13.0275826539084,13.0275796611749,13.0077666891949,13.0945400447533,..,..
Terrestrial protected areas (% of total land area),ER.LND.PTLD.ZS,Heavily indebted poor countries (HIPC),HPC,15.8946109697975,16.6320271662809,16.6320228773255,16.7268225147038,16.5173144403852,..,..
Terrestrial protected areas (% of total land area),ER.LND.PTLD.ZS,High income,HIC,14.5251788573627,15.1652335246961,15.1652480837029,15.4763738653916,15.2482139320862,..,..
Terrestrial protected areas (% of total land area),ER.LND.PTLD.ZS,IBRD only,IBD,14.6688295102332,14.4835592339437,14.4835542689521,14.5372640928394,14.748134287247,..,..
Terrestrial protected areas (% of total land area),ER.LND.PTLD.ZS,IDA & IBRD total,IBT,14.5083483952638,14.5004132075632,14.5004485486014,14.5621385421722,14.7338069224734,..,..
Terrestrial protected areas (% of total land area),ER.LND.PTLD.ZS,IDA blend,IDB,14.0548220978528,14.0672473909739,14.0672473909739,14.1749783011059,14.1249541846904,..,..
Terrestrial protected areas (% of total land area),ER.LND.PTLD.ZS,IDA only,IDX,14.049196576371,14.6548412460377,14.6550310340006,14.7351499140772,14.8128540616821,..,..
Terrestrial protected areas (% of total land area),ER.LND.PTLD.ZS,IDA total,IDA,14.0501775086719,14.549762888609,14.5499170304162,14.6349737713982,14.6929032017726,..,..
Terrestrial protected areas (% of total land area),ER.LND.PTLD.ZS,Late-demographic dividend,LTE,15.6545692266564,15.4547010242746,15.4546967435776,15.5368666234472,15.9306543602035,..,..
Terrestrial protected areas (% of total land area),ER.LND.PTLD.ZS,Latin America & Caribbean,LCN,23.1079889512083,23.4632977730426,23.4632973492518,23.5062836942583,24.0767253816804,..,..
Terrestrial protected areas (% of total land area),ER.LND.PTLD.ZS,Latin America & Caribbean (excluding high income),LAC,21.9649121409815,22.3500972928938,22.3500968845883,22.3184759494766,22.7472937095668,..,..
Terrestrial protected areas (% of total land area),ER.LND.PTLD.ZS,Latin America & the Caribbean (IDA & IBRD countries),TLA,23.1450780754694,23.4989988598484,23.4989984314684,23.5440226198397,24.1183202279324,..,..
Terrestrial protected areas (% of total land area),ER.LND.PTLD.ZS,Least developed countries: UN classification,LDC,13.4505373336922,14.070000735082,14.0701816153443,14.1564796581126,14.3557744363034,..,..
Terrestrial protected areas (% of total land area),ER.LND.PTLD.ZS,Low & middle income,LMY,13.976056351885,13.9628708534989,13.9629019148178,14.0099586344548,14.1511170194321,..,..
Terrestrial protected areas (% of total land area),ER.LND.PTLD.ZS,Low income,LIC,13.9264100333651,14.7916594441879,14.7916548038686,14.9027887349137,14.9291836984536,..,..
Terrestrial protected areas (% of total land area),ER.LND.PTLD.ZS,Lower middle income,LMC,13.1024233466451,13.1113022652758,13.1114281258237,13.1361299912588,12.5811966302804,..,..
Terrestrial protected areas (% of total land area),ER.LND.PTLD.ZS,Middle East & North Africa,MEA,6.5976185389697,6.73166417123848,6.73166417123848,6.74140103797015,5.12596804558582,..,..
Terrestrial protected areas (% of total land area),ER.LND.PTLD.ZS,Middle East & North Africa (excluding high income),MNA,7.17191158203136,7.17069132991216,7.17069132991216,7.18413497552839,5.05768404257802,..,..
Terrestrial protected areas (% of total land area),ER.LND.PTLD.ZS,Middle East & North Africa (IDA & IBRD countries),TMN,7.17191158203136,7.1698753918924,7.1698753918924,7.1833282661805,5.0554175400268,..,..
Terrestrial protected areas (% of total land area),ER.LND.PTLD.ZS,Middle income,MIC,14.1906649963089,14.0105570675341,14.0105951771812,14.0472886776832,14.2048584443061,..,..
Terrestrial protected areas (% of total land area),ER.LND.PTLD.ZS,North America,NAC,11.3247230231974,11.3336607232689,11.3336607232689,11.8205555767813,10.8429051297002,..,..
Terrestrial protected areas (% of total land area),ER.LND.PTLD.ZS,Not classified,INX,..,..,..,..,..,..,..
Terrestrial protected areas (% of total land area),ER.LND.PTLD.ZS,OECD members,OED,14.5020567714574,15.1261089923025,15.1261241047103,15.428018901292,15.241471734012,..,..
Terrestrial protected areas (% of total land area),ER.LND.PTLD.ZS,Other small states,OSS,29.0696904183542,29.4826467638992,29.4826162400659,29.6969415425557,30.0126899985768,..,..
Terrestrial protected areas (% of total land area),ER.LND.PTLD.ZS,Pacific island small states,PSS,4.31602026715799,4.29880205732725,4.29880205732725,4.18201076416398,4.24365768969753,..,..
Terrestrial protected areas (% of total land area),ER.LND.PTLD.ZS,Post-demographic dividend,PST,14.354857462489,15.0161429543438,15.0161522381001,15.3247799850794,15.0408935777185,..,..
Terrestrial protected areas (% of total land area),ER.LND.PTLD.ZS,Pre-demographic dividend,PRE,13.8321585516796,14.4946385683864,14.4946352724579,14.631327303591,14.6872671930583,..,..
Terrestrial protected areas (% of total land area),ER.LND.PTLD.ZS,Small states,SST,25.8362597861933,26.1975028787423,26.1974719039982,26.34933871603,26.6044682690061,..,..
Terrestrial protected areas (% of total land area),ER.LND.PTLD.ZS,South Asia,SAS,7.29287743309393,7.2915705376897,7.2917516727074,7.29175209801432,7.75333859504369,..,..
Terrestrial protected areas (% of total land area),ER.LND.PTLD.ZS,South Asia (IDA & IBRD),TSA,7.29287743309393,7.2915705376897,7.2917516727074,7.29175209801432,7.75333859504369,..,..
Terrestrial protected areas (% of total land area),ER.LND.PTLD.ZS,Sub-Saharan Africa,SSF,16.0995014170696,16.4323134396085,16.4323100215605,16.5226065791242,16.3666490034453,..,..
Terrestrial protected areas (% of total land area),ER.LND.PTLD.ZS,Sub-Saharan Africa (excluding high income),SSA,16.0990097907365,16.4318151581737,16.4318117401876,16.521963553382,16.3657952101277,..,..
Terrestrial protected areas (% of total land area),ER.LND.PTLD.ZS,Sub-Saharan Africa (IDA & IBRD countries),TSS,16.0995014170696,16.4323134396085,16.4323100215605,16.5226065791242,16.3666490034453,..,..
Terrestrial protected areas (% of total land area),ER.LND.PTLD.ZS,Upper middle income,UMC,14.7015006776787,14.4328385847726,14.4328303045493,14.475158855832,14.9673759815033,..,..
Terrestrial protected areas (% of total land area),ER.LND.PTLD.ZS,World,WLD,14.4009751382705,14.5726171093154,14.5726456230337,14.6932487045192,14.7459841031525,..,..