Series Name,Series Code,Country Name,Country Code,1990 [YR1990],2000 [YR2000],2013 [YR2013],2014 [YR2014],2015 [YR2015],2016 [YR2016],2017 [YR2017],2018 [YR2018],2019 [YR2019],2020 [YR2020],2021 [YR2021],2022 [YR2022]
Urban population (% of total population),SP.URB.TOTL.IN.ZS,Afghanistan,AFG,21.177,22.078,24.373,24.587,24.803,25.02,25.25,25.495,25.754,26.026,26.314,..
Urban population (% of total population),SP.URB.TOTL.IN.ZS,Albania,ALB,36.428,41.741,55.387,56.423,57.434,58.421,59.383,60.319,61.229,62.112,62.969,..
Urban population (% of total population),SP.URB.TOTL.IN.ZS,Algeria,DZA,52.085,59.919,69.576,70.221,70.848,71.459,72.052,72.629,73.189,73.733,74.261,..
Urban population (% of total population),SP.URB.TOTL.IN.ZS,American Samoa,ASM,80.948,88.587,87.348,87.288,87.238,87.198,87.17,87.153,87.147,87.153,87.169,..
Urban population (% of total population),SP.URB.TOTL.IN.ZS,Andorra,AND,94.712,92.395,88.537,88.441,88.345,88.248,88.15,88.062,87.984,87.916,87.858,..
Urban population (% of total population),SP.URB.TOTL.IN.ZS,Angola,AGO,37.144,50.087,62.002,62.731,63.446,64.149,64.839,65.514,66.177,66.825,67.46,..
Urban population (% of total population),SP.URB.TOTL.IN.ZS,Antigua and Barbuda,ATG,35.426,32.127,25.35,25.175,25,24.846,24.713,24.599,24.506,24.433,24.38,..
Urban population (% of total population),SP.URB.TOTL.IN.ZS,Argentina,ARG,86.984,89.142,91.249,91.377,91.503,91.627,91.749,91.87,91.991,92.111,92.229,..
Urban population (% of total population),SP.URB.TOTL.IN.ZS,Armenia,ARM,67.421,64.666,63.164,63.112,63.085,63.082,63.103,63.149,63.219,63.313,63.431,..
Urban population (% of total population),SP.URB.TOTL.IN.ZS,Aruba,ABW,50.319,46.717,42.99,43.041,43.108,43.192,43.293,43.411,43.546,43.697,43.866,..
Urban population (% of total population),SP.URB.TOTL.IN.ZS,Australia,AUS,85.433,84.235,85.502,85.602,85.701,85.8,85.904,86.012,86.124,86.241,86.362,..
Urban population (% of total population),SP.URB.TOTL.IN.ZS,Austria,AUT,62.96,60.213,57.336,57.526,57.715,57.905,58.094,58.297,58.515,58.748,58.995,..
Urban population (% of total population),SP.URB.TOTL.IN.ZS,Azerbaijan,AZE,53.749,51.386,54.145,54.422,54.714,55.021,55.343,55.68,56.031,56.397,56.776,..
Urban population (% of total population),SP.URB.TOTL.IN.ZS,"Bahamas, The",BHS,79.838,82.007,82.596,82.668,82.746,82.832,82.925,83.025,83.132,83.245,83.365,..
Urban population (% of total population),SP.URB.TOTL.IN.ZS,Bahrain,BHR,88.14,88.372,88.835,88.915,88.999,89.09,89.186,89.287,89.394,89.506,89.622,..
Urban population (% of total population),SP.URB.TOTL.IN.ZS,Bangladesh,BGD,19.811,23.59,32.762,33.535,34.308,35.083,35.858,36.632,37.405,38.177,38.946,..
Urban population (% of total population),SP.URB.TOTL.IN.ZS,Barbados,BRB,37.37,33.827,31.429,31.328,31.249,31.193,31.159,31.147,31.158,31.191,31.246,..
Urban population (% of total population),SP.URB.TOTL.IN.ZS,Belarus,BLR,65.981,69.973,76.199,76.693,77.181,77.661,78.134,78.595,79.044,79.483,79.91,..
Urban population (% of total population),SP.URB.TOTL.IN.ZS,Belgium,BEL,96.377,97.129,97.789,97.833,97.876,97.919,97.961,98.001,98.041,98.079,98.117,..
Urban population (% of total population),SP.URB.TOTL.IN.ZS,Belize,BLZ,47.465,45.398,45.282,45.335,45.406,45.495,45.601,45.724,45.866,46.025,46.201,..
Urban population (% of total population),SP.URB.TOTL.IN.ZS,Benin,BEN,34.485,38.333,44.642,45.166,45.695,46.229,46.768,47.312,47.861,48.415,48.972,..
Urban population (% of total population),SP.URB.TOTL.IN.ZS,Bermuda,BMU,100,100,100,100,100,100,100,100,100,100,100,..
Urban population (% of total population),SP.URB.TOTL.IN.ZS,Bhutan,BTN,16.388,25.418,37.149,37.918,38.678,39.428,40.167,40.895,41.612,42.316,43.008,..
Urban population (% of total population),SP.URB.TOTL.IN.ZS,Bolivia,BOL,55.577,61.787,67.699,68.047,68.393,68.738,69.08,69.425,69.773,70.123,70.475,..
Urban population (% of total population),SP.URB.TOTL.IN.ZS,Bosnia and Herzegovina,BIH,39.249,42.384,46.519,46.84,47.173,47.518,47.876,48.245,48.626,49.02,49.425,..
Urban population (% of total population),SP.URB.TOTL.IN.ZS,Botswana,BWA,41.933,53.219,65.572,66.368,67.155,67.933,68.7,69.446,70.172,70.877,71.56,..
Urban population (% of total population),SP.URB.TOTL.IN.ZS,Brazil,BRA,73.922,81.192,85.209,85.492,85.77,86.042,86.309,86.569,86.824,87.073,87.317,..
Urban population (% of total population),SP.URB.TOTL.IN.ZS,British Virgin Islands,VGB,37.814,41.774,45.856,46.216,46.583,46.957,47.337,47.723,48.116,48.515,48.92,..
Urban population (% of total population),SP.URB.TOTL.IN.ZS,Brunei Darussalam,BRN,66.438,71.164,75.997,76.332,76.663,76.99,77.312,77.629,77.942,78.25,78.554,..
Urban population (% of total population),SP.URB.TOTL.IN.ZS,Bulgaria,BGR,66.377,68.899,73.313,73.651,73.99,74.329,74.669,75.008,75.347,75.686,76.025,..
Urban population (% of total population),SP.URB.TOTL.IN.ZS,Burkina Faso,BFA,13.815,17.844,26.346,26.934,27.53,28.134,28.743,29.358,29.98,30.607,31.24,..
Urban population (% of total population),SP.URB.TOTL.IN.ZS,Burundi,BDI,6.271,8.246,11.482,11.776,12.078,12.388,12.706,13.032,13.366,13.708,14.058,..
Urban population (% of total population),SP.URB.TOTL.IN.ZS,Cabo Verde,CPV,44.12,53.435,63.317,63.81,64.3,64.784,65.261,65.732,66.195,66.652,67.102,..
Urban population (% of total population),SP.URB.TOTL.IN.ZS,Cambodia,KHM,15.546,18.586,21.415,21.799,22.188,22.582,22.98,23.388,23.805,24.232,24.668,..
Urban population (% of total population),SP.URB.TOTL.IN.ZS,Cameroon,CMR,39.657,45.542,53.373,53.976,54.578,55.179,55.777,56.374,56.968,57.56,58.148,..
Urban population (% of total population),SP.URB.TOTL.IN.ZS,Canada,CAN,76.582,79.478,81.178,81.218,81.259,81.3,81.35,81.411,81.482,81.562,81.653,..
Urban population (% of total population),SP.URB.TOTL.IN.ZS,Cayman Islands,CYM,100,100,100,100,100,100,100,100,100,100,100,..
Urban population (% of total population),SP.URB.TOTL.IN.ZS,Central African Republic,CAF,36.825,37.639,39.663,39.959,40.277,40.618,40.98,41.364,41.77,42.198,42.648,..
Urban population (% of total population),SP.URB.TOTL.IN.ZS,Chad,TCD,20.811,21.637,22.248,22.372,22.515,22.677,22.858,23.059,23.279,23.52,23.781,..
Urban population (% of total population),SP.URB.TOTL.IN.ZS,Channel Islands,CHI,31.392,30.465,31.027,30.995,30.962,30.93,30.914,30.914,30.931,30.963,31.012,..
Urban population (% of total population),SP.URB.TOTL.IN.ZS,Chile,CHL,83.271,86.073,87.246,87.303,87.36,87.422,87.49,87.564,87.643,87.727,87.817,..
Urban population (% of total population),SP.URB.TOTL.IN.ZS,China,CHN,26.442,35.877,53.013,54.259,55.5,56.736,57.96,59.152,60.308,61.428,62.512,..
Urban population (% of total population),SP.URB.TOTL.IN.ZS,Colombia,COL,69.481,73.957,79.061,79.415,79.764,80.108,80.446,80.778,81.104,81.425,81.74,..
Urban population (% of total population),SP.URB.TOTL.IN.ZS,Comoros,COM,27.869,28.08,28.223,28.338,28.47,28.619,28.784,28.965,29.164,29.38,29.613,..
Urban population (% of total population),SP.URB.TOTL.IN.ZS,"Congo, Dem. Rep.",COD,30.633,35.122,41.627,42.18,42.74,43.307,43.88,44.46,45.046,45.638,46.235,..
Urban population (% of total population),SP.URB.TOTL.IN.ZS,"Congo, Rep.",COG,54.324,58.695,64.627,65.085,65.543,66.001,66.459,66.916,67.373,67.829,68.283,..
Urban population (% of total population),SP.URB.TOTL.IN.ZS,Costa Rica,CRI,50.003,59.052,74.97,75.941,76.862,77.735,78.56,79.34,80.076,80.771,81.425,..
Urban population (% of total population),SP.URB.TOTL.IN.ZS,Cote d'Ivoire,CIV,39.345,43.155,48.593,49.014,49.444,49.881,50.326,50.779,51.239,51.706,52.18,..
Urban population (% of total population),SP.URB.TOTL.IN.ZS,Croatia,HRV,51.037,53.428,55.706,55.923,56.155,56.403,56.667,56.947,57.242,57.553,57.878,..
Urban population (% of total population),SP.URB.TOTL.IN.ZS,Cuba,CUB,73.364,75.323,76.827,76.861,76.896,76.93,76.977,77.037,77.109,77.194,77.292,..
Urban population (% of total population),SP.URB.TOTL.IN.ZS,Curacao,CUW,84.678,90.752,89.544,89.443,89.352,89.272,89.203,89.145,89.098,89.062,89.038,..
Urban population (% of total population),SP.URB.TOTL.IN.ZS,Cyprus,CYP,66.776,68.648,67.137,67.031,66.946,66.881,66.836,66.81,66.805,66.821,66.856,..
Urban population (% of total population),SP.URB.TOTL.IN.ZS,Czechia,CZE,75.22,73.988,73.29,73.384,73.477,73.57,73.675,73.792,73.921,74.061,74.214,..
Urban population (% of total population),SP.URB.TOTL.IN.ZS,Denmark,DNK,84.843,85.1,87.292,87.41,87.526,87.642,87.757,87.874,87.994,88.116,88.24,..
Urban population (% of total population),SP.URB.TOTL.IN.ZS,Djibouti,DJI,75.957,76.532,77.222,77.314,77.417,77.528,77.648,77.777,77.915,78.062,78.217,..
Urban population (% of total population),SP.URB.TOTL.IN.ZS,Dominica,DMA,63.079,65.265,68.982,69.28,69.579,69.88,70.181,70.483,70.786,71.09,71.395,..
Urban population (% of total population),SP.URB.TOTL.IN.ZS,Dominican Republic,DOM,55.226,61.753,76.749,77.67,78.566,79.436,80.277,81.074,81.828,82.54,83.213,..
Urban population (% of total population),SP.URB.TOTL.IN.ZS,Ecuador,ECU,55.09,60.299,63.125,63.261,63.398,63.534,63.67,63.821,63.986,64.166,64.361,..
Urban population (% of total population),SP.URB.TOTL.IN.ZS,"Egypt, Arab Rep.",EGY,43.478,42.797,42.893,42.839,42.785,42.732,42.705,42.704,42.73,42.783,42.862,..
Urban population (% of total population),SP.URB.TOTL.IN.ZS,El Salvador,SLV,49.274,58.912,68.036,68.874,69.7,70.501,71.275,72.023,72.746,73.444,74.118,..
Urban population (% of total population),SP.URB.TOTL.IN.ZS,Equatorial Guinea,GNQ,34.745,49.092,69.544,70.083,70.616,71.138,71.646,72.143,72.627,73.1,73.561,..
Urban population (% of total population),SP.URB.TOTL.IN.ZS,Eritrea,ERI,18.905,26.587,36.979,37.59,38.206,38.827,39.451,40.08,40.712,41.347,41.985,..
Urban population (% of total population),SP.URB.TOTL.IN.ZS,Estonia,EST,71.231,69.368,68.122,68.269,68.416,68.563,68.717,68.88,69.051,69.229,69.415,..
Urban population (% of total population),SP.URB.TOTL.IN.ZS,Eswatini,SWZ,20.202,22.686,22.999,23.149,23.3,23.459,23.625,23.799,23.981,24.171,24.369,..
Urban population (% of total population),SP.URB.TOTL.IN.ZS,Ethiopia,ETH,12.621,14.74,18.575,18.998,19.428,19.866,20.31,20.763,21.225,21.695,22.174,..
Urban population (% of total population),SP.URB.TOTL.IN.ZS,Faroe Islands,FRO,30.594,36.337,41.363,41.501,41.638,41.777,41.914,42.064,42.225,42.398,42.583,..
Urban population (% of total population),SP.URB.TOTL.IN.ZS,Fiji,FJI,41.611,47.908,53.706,54.216,54.726,55.235,55.742,56.248,56.75,57.247,57.74,..
Urban population (% of total population),SP.URB.TOTL.IN.ZS,Finland,FIN,79.367,82.183,85.125,85.175,85.225,85.275,85.325,85.382,85.446,85.517,85.596,..
Urban population (% of total population),SP.URB.TOTL.IN.ZS,France,FRA,74.056,75.871,79.135,79.394,79.655,79.917,80.18,80.444,80.709,80.975,81.242,..
Urban population (% of total population),SP.URB.TOTL.IN.ZS,French Polynesia,PYF,57.852,56.047,61.583,61.633,61.683,61.734,61.784,61.834,61.897,61.975,62.066,..
Urban population (% of total population),SP.URB.TOTL.IN.ZS,Gabon,GAB,69.143,78.879,87.156,87.651,88.118,88.559,88.976,89.37,89.741,90.092,90.423,..
Urban population (% of total population),SP.URB.TOTL.IN.ZS,"Gambia, The",GMB,38.312,47.868,57.82,58.528,59.228,59.918,60.599,61.27,61.931,62.582,63.222,..
Urban population (% of total population),SP.URB.TOTL.IN.ZS,Georgia,GEO,55.038,52.638,56.685,57.067,57.448,57.837,58.231,58.632,59.039,59.453,59.872,..
Urban population (% of total population),SP.URB.TOTL.IN.ZS,Germany,DEU,73.118,74.965,77.18,77.19,77.2,77.224,77.261,77.312,77.376,77.453,77.544,..
Urban population (% of total population),SP.URB.TOTL.IN.ZS,Ghana,GHA,36.441,43.929,52.748,53.419,54.086,54.749,55.407,56.06,56.707,57.349,57.985,..
Urban population (% of total population),SP.URB.TOTL.IN.ZS,Gibraltar,GIB,100,100,100,100,100,100,100,100,100,100,100,..
Urban population (% of total population),SP.URB.TOTL.IN.ZS,Greece,GRC,71.467,72.716,77.355,77.702,78.046,78.387,78.724,79.058,79.388,79.715,80.038,..
Urban population (% of total population),SP.URB.TOTL.IN.ZS,Greenland,GRL,79.698,81.6,85.551,85.813,86.071,86.326,86.574,86.816,87.052,87.282,87.507,..
Urban population (% of total population),SP.URB.TOTL.IN.ZS,Grenada,GRD,33.427,35.698,35.896,35.938,35.997,36.072,36.164,36.272,36.396,36.537,36.694,..
Urban population (% of total population),SP.URB.TOTL.IN.ZS,Guam,GUM,90.796,93.129,94.364,94.449,94.534,94.617,94.699,94.78,94.859,94.938,95.015,..
Urban population (% of total population),SP.URB.TOTL.IN.ZS,Guatemala,GTM,41.992,45.332,49.311,49.634,49.971,50.319,50.68,51.054,51.439,51.836,52.245,..
Urban population (% of total population),SP.URB.TOTL.IN.ZS,Guinea,GIN,28.026,30.869,34.545,34.836,35.141,35.46,35.793,36.14,36.5,36.875,37.264,..
Urban population (% of total population),SP.URB.TOTL.IN.ZS,Guinea-Bissau,GNB,30.83,36.243,41.31,41.715,42.123,42.533,42.945,43.36,43.777,44.196,44.617,..
Urban population (% of total population),SP.URB.TOTL.IN.ZS,Guyana,GUY,29.583,28.694,26.4,26.414,26.441,26.482,26.538,26.606,26.689,26.786,26.897,..
Urban population (% of total population),SP.URB.TOTL.IN.ZS,Haiti,HTI,28.51,35.6,50.46,51.444,52.427,53.396,54.346,55.278,56.192,57.088,57.964,..
Urban population (% of total population),SP.URB.TOTL.IN.ZS,Honduras,HND,40.46,45.458,53.858,54.514,55.165,55.813,56.457,57.096,57.73,58.359,58.982,..
Urban population (% of total population),SP.URB.TOTL.IN.ZS,"Hong Kong SAR, China",HKG,99.517,100,100,100,100,100,100,100,100,100,100,..
Urban population (% of total population),SP.URB.TOTL.IN.ZS,Hungary,HUN,65.838,64.575,69.953,70.227,70.5,70.779,71.062,71.351,71.644,71.942,72.245,..
Urban population (% of total population),SP.URB.TOTL.IN.ZS,Iceland,ISL,90.75,92.401,93.633,93.667,93.7,93.735,93.773,93.813,93.855,93.898,93.944,..
Urban population (% of total population),SP.URB.TOTL.IN.ZS,India,IND,25.547,27.667,32.003,32.384,32.777,33.182,33.6,34.03,34.472,34.926,35.393,..
Urban population (% of total population),SP.URB.TOTL.IN.ZS,Indonesia,IDN,30.584,42.002,51.955,52.635,53.313,53.989,54.659,55.325,55.985,56.641,57.29,..
Urban population (% of total population),SP.URB.TOTL.IN.ZS,"Iran, Islamic Rep.",IRN,56.33,64.042,72.295,72.83,73.358,73.88,74.394,74.898,75.391,75.874,76.345,..
Urban population (% of total population),SP.URB.TOTL.IN.ZS,Iraq,IRQ,69.706,68.496,69.595,69.758,69.921,70.094,70.278,70.473,70.678,70.893,71.119,..
Urban population (% of total population),SP.URB.TOTL.IN.ZS,Ireland,IRL,56.929,59.155,62.141,62.34,62.538,62.737,62.947,63.17,63.405,63.653,63.912,..
Urban population (% of total population),SP.URB.TOTL.IN.ZS,Isle of Man,IMN,51.746,51.823,52.096,52.162,52.245,52.343,52.458,52.588,52.735,52.898,53.076,..
Urban population (% of total population),SP.URB.TOTL.IN.ZS,Israel,ISR,90.359,91.203,92.031,92.104,92.179,92.256,92.336,92.418,92.501,92.587,92.674,..
Urban population (% of total population),SP.URB.TOTL.IN.ZS,Italy,ITA,66.726,67.222,68.979,69.272,69.565,69.855,70.144,70.438,70.736,71.039,71.346,..
Urban population (% of total population),SP.URB.TOTL.IN.ZS,Jamaica,JAM,49.444,51.814,54.35,54.584,54.833,55.098,55.378,55.674,55.985,56.311,56.652,..
Urban population (% of total population),SP.URB.TOTL.IN.ZS,Japan,JPN,77.339,78.649,91.226,91.304,91.381,91.457,91.535,91.616,91.698,91.782,91.867,..
Urban population (% of total population),SP.URB.TOTL.IN.ZS,Jordan,JOR,73.291,78.27,89.125,90,90.256,90.506,90.747,90.979,91.203,91.418,91.626,..
Urban population (% of total population),SP.URB.TOTL.IN.ZS,Kazakhstan,KAZ,56.266,56.098,57.046,57.118,57.191,57.264,57.336,57.428,57.54,57.671,57.821,..
Urban population (% of total population),SP.URB.TOTL.IN.ZS,Kenya,KEN,16.748,19.892,24.794,25.221,25.658,26.105,26.562,27.03,27.507,27.995,28.493,..
Urban population (% of total population),SP.URB.TOTL.IN.ZS,Kiribati,KIR,34.987,42.958,49.927,50.773,51.619,52.45,53.262,54.057,54.835,55.594,56.335,..
Urban population (% of total population),SP.URB.TOTL.IN.ZS,"Korea, Dem. People's Rep.",PRK,58.384,59.412,60.918,61.098,61.277,61.471,61.678,61.899,62.134,62.381,62.642,..
Urban population (% of total population),SP.URB.TOTL.IN.ZS,"Korea, Rep.",KOR,73.844,79.621,81.779,81.707,81.634,81.562,81.503,81.459,81.43,81.414,81.414,..
Urban population (% of total population),SP.URB.TOTL.IN.ZS,Kosovo,XKX,..,..,..,..,..,..,..,..,..,..,..,..
Urban population (% of total population),SP.URB.TOTL.IN.ZS,Kuwait,KWT,97.974,99,100,100,100,100,100,100,100,100,100,..
Urban population (% of total population),SP.URB.TOTL.IN.ZS,Kyrgyz Republic,KGZ,37.777,35.298,35.517,35.635,35.777,35.944,36.135,36.351,36.591,36.856,37.146,..
Urban population (% of total population),SP.URB.TOTL.IN.ZS,Lao PDR,LAO,15.437,21.977,31.872,32.487,33.108,33.736,34.368,35.004,35.645,36.29,36.939,..
Urban population (% of total population),SP.URB.TOTL.IN.ZS,Latvia,LVA,69.25,68.067,67.925,67.952,67.98,68.021,68.075,68.142,68.222,68.315,68.421,..
Urban population (% of total population),SP.URB.TOTL.IN.ZS,Lebanon,LBN,83.12,86,87.79,87.947,88.106,88.266,88.429,88.593,88.758,88.925,89.093,..
Urban population (% of total population),SP.URB.TOTL.IN.ZS,Lesotho,LSO,13.967,19.548,26.101,26.502,26.908,27.317,27.73,28.153,28.585,29.028,29.48,..
Urban population (% of total population),SP.URB.TOTL.IN.ZS,Liberia,LBR,55.422,44.331,48.985,49.397,49.82,50.254,50.697,51.151,51.615,52.089,52.573,..
Urban population (% of total population),SP.URB.TOTL.IN.ZS,Libya,LBY,75.723,76.387,78.756,79.009,79.27,79.54,79.817,80.102,80.393,80.691,80.994,..
Urban population (% of total population),SP.URB.TOTL.IN.ZS,Liechtenstein,LIE,16.928,15.13,14.334,14.313,14.303,14.303,14.315,14.338,14.371,14.416,14.471,..
Urban population (% of total population),SP.URB.TOTL.IN.ZS,Lithuania,LTU,67.583,66.986,66.986,67.108,67.23,67.366,67.516,67.679,67.855,68.046,68.249,..
Urban population (% of total population),SP.URB.TOTL.IN.ZS,Luxembourg,LUX,80.947,84.216,89.574,89.884,90.179,90.46,90.727,90.981,91.223,91.453,91.672,..
Urban population (% of total population),SP.URB.TOTL.IN.ZS,"Macao SAR, China",MAC,99.763,100,100,100,100,100,100,100,100,100,100,..
Urban population (% of total population),SP.URB.TOTL.IN.ZS,Madagascar,MDG,23.566,27.121,33.878,34.534,35.193,35.856,36.522,37.191,37.861,38.534,39.207,..
Urban population (% of total population),SP.URB.TOTL.IN.ZS,Malawi,MWI,11.56,14.61,15.966,16.132,16.313,16.506,16.714,16.937,17.174,17.427,17.695,..
Urban population (% of total population),SP.URB.TOTL.IN.ZS,Malaysia,MYS,49.794,61.977,72.93,73.577,74.213,74.84,75.447,76.036,76.607,77.16,77.696,..
Urban population (% of total population),SP.URB.TOTL.IN.ZS,Maldives,MDV,25.84,27.706,37.685,38.106,38.529,38.954,39.38,39.808,40.238,40.669,41.102,..
Urban population (% of total population),SP.URB.TOTL.IN.ZS,Mali,MLI,23.322,28.356,38.398,39.196,39.991,40.783,41.572,42.356,43.136,43.909,44.677,..
Urban population (% of total population),SP.URB.TOTL.IN.ZS,Malta,MLT,90.381,92.368,94.279,94.347,94.414,94.48,94.546,94.612,94.678,94.744,94.81,..
Urban population (% of total population),SP.URB.TOTL.IN.ZS,Marshall Islands,MHL,65.054,68.58,74.946,75.384,75.811,76.228,76.634,77.031,77.417,77.794,78.162,..
Urban population (% of total population),SP.URB.TOTL.IN.ZS,Mauritania,MRT,39.323,38.091,49.306,50.203,51.089,51.962,52.824,53.672,54.507,55.327,56.133,..
Urban population (% of total population),SP.URB.TOTL.IN.ZS,Mauritius,MUS,43.9,42.67,41.222,41.111,41,40.91,40.841,40.793,40.766,40.76,40.775,..
Urban population (% of total population),SP.URB.TOTL.IN.ZS,Mexico,MEX,71.419,74.722,78.699,78.993,79.285,79.577,79.867,80.156,80.444,80.731,81.016,..
Urban population (% of total population),SP.URB.TOTL.IN.ZS,"Micronesia, Fed. Sts.",FSM,25.818,22.33,22.355,22.399,22.456,22.526,22.608,22.703,22.812,22.933,23.068,..
Urban population (% of total population),SP.URB.TOTL.IN.ZS,Moldova,MDA,46.762,44.589,42.527,42.496,42.49,42.511,42.557,42.629,42.726,42.849,42.998,..
Urban population (% of total population),SP.URB.TOTL.IN.ZS,Monaco,MCO,100,100,100,100,100,100,100,100,100,100,100,..
Urban population (% of total population),SP.URB.TOTL.IN.ZS,Mongolia,MNG,57.033,57.133,68.097,68.163,68.23,68.297,68.363,68.445,68.543,68.657,68.785,..
Urban population (% of total population),SP.URB.TOTL.IN.ZS,Montenegro,MNE,48.037,58.544,65.137,65.471,65.806,66.141,66.477,66.813,67.15,67.488,67.826,..
Urban population (% of total population),SP.URB.TOTL.IN.ZS,Morocco,MAR,48.391,53.335,59.7,60.256,60.809,61.36,61.908,62.453,62.994,63.532,64.065,..
Urban population (% of total population),SP.URB.TOTL.IN.ZS,Mozambique,MOZ,25,29.098,33.36,33.878,34.4,34.926,35.455,35.988,36.528,37.074,37.628,..
Urban population (% of total population),SP.URB.TOTL.IN.ZS,Myanmar,MMR,25.243,27.025,29.457,29.65,29.858,30.082,30.322,30.579,30.852,31.141,31.448,..
Urban population (% of total population),SP.URB.TOTL.IN.ZS,Namibia,NAM,27.656,32.373,44.756,45.826,46.9,47.961,49.005,50.032,51.042,52.033,53.005,..
Urban population (% of total population),SP.URB.TOTL.IN.ZS,Nauru,NRU,100,100,100,100,100,100,100,100,100,100,100,..
Urban population (% of total population),SP.URB.TOTL.IN.ZS,Nepal,NPL,8.854,13.397,17.815,18.182,18.557,18.942,19.336,19.74,20.153,20.576,21.008,..
Urban population (% of total population),SP.URB.TOTL.IN.ZS,Netherlands,NLD,68.684,76.795,89.187,89.69,90.173,90.635,91.077,91.49,91.876,92.236,92.572,..
Urban population (% of total population),SP.URB.TOTL.IN.ZS,New Caledonia,NCL,59.577,61.919,68.479,68.931,69.379,69.821,70.256,70.683,71.104,71.518,71.925,..
Urban population (% of total population),SP.URB.TOTL.IN.ZS,New Zealand,NZL,84.742,86.021,86.221,86.281,86.341,86.4,86.466,86.538,86.615,86.699,86.789,..
Urban population (% of total population),SP.URB.TOTL.IN.ZS,Nicaragua,NIC,53.075,55.185,57.505,57.7,57.895,58.09,58.299,58.522,58.76,59.012,59.277,..
Urban population (% of total population),SP.URB.TOTL.IN.ZS,Niger,NER,15.368,16.186,16.208,16.219,16.247,16.29,16.35,16.425,16.517,16.626,16.751,..
Urban population (% of total population),SP.URB.TOTL.IN.ZS,Nigeria,NGA,29.68,34.84,46.118,46.982,47.838,48.683,49.519,50.344,51.157,51.958,52.746,..
Urban population (% of total population),SP.URB.TOTL.IN.ZS,North Macedonia,MKD,57.789,58.548,57.189,57.284,57.408,57.563,57.748,57.963,58.208,58.482,58.786,..
Urban population (% of total population),SP.URB.TOTL.IN.ZS,Northern Mariana Islands,MNP,89.731,90.152,91.19,91.273,91.357,91.443,91.53,91.618,91.708,91.798,91.89,..
Urban population (% of total population),SP.URB.TOTL.IN.ZS,Norway,NOR,71.956,76.02,80.286,80.692,81.091,81.485,81.871,82.248,82.616,82.974,83.323,..
Urban population (% of total population),SP.URB.TOTL.IN.ZS,Oman,OMN,66.102,71.569,78.882,80.145,81.35,82.5,83.56,84.539,85.443,86.276,87.044,..
Urban population (% of total population),SP.URB.TOTL.IN.ZS,Pakistan,PAK,30.576,32.982,35.613,35.819,36.026,36.234,36.442,36.666,36.907,37.165,37.44,..
Urban population (% of total population),SP.URB.TOTL.IN.ZS,Palau,PLW,69.593,70.338,76.862,77.517,78.159,78.775,79.365,79.93,80.47,80.988,81.483,..
Urban population (% of total population),SP.URB.TOTL.IN.ZS,Panama,PAN,53.903,62.198,66.052,66.371,66.696,67.027,67.365,67.709,68.059,68.414,68.775,..
Urban population (% of total population),SP.URB.TOTL.IN.ZS,Papua New Guinea,PNG,14.994,13.204,12.978,12.988,13.012,13.05,13.102,13.169,13.25,13.345,13.456,..
Urban population (% of total population),SP.URB.TOTL.IN.ZS,Paraguay,PRY,48.694,55.331,60.197,60.474,60.75,61.026,61.3,61.585,61.879,62.183,62.496,..
Urban population (% of total population),SP.URB.TOTL.IN.ZS,Peru,PER,68.901,73.042,76.989,77.173,77.357,77.539,77.72,77.907,78.099,78.297,78.5,..
Urban population (% of total population),SP.URB.TOTL.IN.ZS,Philippines,PHL,46.986,46.135,45.903,46.093,46.284,46.475,46.682,46.907,47.149,47.408,47.684,..
Urban population (% of total population),SP.URB.TOTL.IN.ZS,Poland,POL,61.27,61.716,60.529,60.403,60.278,60.178,60.105,60.058,60.037,60.043,60.075,..
Urban population (% of total population),SP.URB.TOTL.IN.ZS,Portugal,PRT,47.915,54.399,62.352,62.936,63.514,64.086,64.652,65.211,65.764,66.31,66.849,..
Urban population (% of total population),SP.URB.TOTL.IN.ZS,Puerto Rico,PRI,92.942,94.387,93.686,93.651,93.624,93.602,93.587,93.578,93.576,93.581,93.592,..
Urban population (% of total population),SP.URB.TOTL.IN.ZS,Qatar,QAT,92.786,96.311,98.785,98.868,98.945,99.015,99.078,99.135,99.188,99.235,99.278,..
Urban population (% of total population),SP.URB.TOTL.IN.ZS,Romania,ROU,53.217,53.004,53.937,53.9,53.887,53.9,53.936,53.998,54.084,54.194,54.329,..
Urban population (% of total population),SP.URB.TOTL.IN.ZS,Russian Federation,RUS,73.394,73.35,73.863,73.95,74.05,74.164,74.292,74.433,74.587,74.754,74.934,..
Urban population (% of total population),SP.URB.TOTL.IN.ZS,Rwanda,RWA,5.416,14.926,16.947,16.967,17.004,17.056,17.125,17.211,17.313,17.432,17.568,..
Urban population (% of total population),SP.URB.TOTL.IN.ZS,Samoa,WSM,21.2,21.977,19.385,19.149,18.914,18.681,18.452,18.243,18.056,17.889,17.742,..
Urban population (% of total population),SP.URB.TOTL.IN.ZS,San Marino,SMR,90.4,93.44,96.37,96.559,96.739,96.91,97.072,97.226,97.368,97.499,97.62,..
Urban population (% of total population),SP.URB.TOTL.IN.ZS,Sao Tome and Principe,STP,43.648,53.424,68.208,69.213,70.174,71.092,71.968,72.803,73.598,74.354,75.073,..
Urban population (% of total population),SP.URB.TOTL.IN.ZS,Saudi Arabia,SAU,76.583,79.848,82.74,82.96,83.18,83.401,83.622,83.844,84.065,84.287,84.508,..
Urban population (% of total population),SP.URB.TOTL.IN.ZS,Senegal,SEN,38.896,40.32,45.019,45.436,45.862,46.296,46.74,47.192,47.653,48.122,48.6,..
Urban population (% of total population),SP.URB.TOTL.IN.ZS,Serbia,SRB,50.393,52.769,55.469,55.583,55.696,55.81,55.942,56.092,56.26,56.446,56.651,..
Urban population (% of total population),SP.URB.TOTL.IN.ZS,Seychelles,SYC,49.27,50.433,54.537,54.969,55.4,55.831,56.261,56.691,57.119,57.546,57.972,..
Urban population (% of total population),SP.URB.TOTL.IN.ZS,Sierra Leone,SLE,33.252,35.626,40.036,40.432,40.829,41.228,41.636,42.055,42.484,42.923,43.372,..
Urban population (% of total population),SP.URB.TOTL.IN.ZS,Singapore,SGP,100,100,100,100,100,100,100,100,100,100,100,..
Urban population (% of total population),SP.URB.TOTL.IN.ZS,Sint Maarten (Dutch part),SXM,100,100,100,100,100,100,100,100,100,100,100,..
Urban population (% of total population),SP.URB.TOTL.IN.ZS,Slovak Republic,SVK,56.491,56.233,54.14,54,53.889,53.806,53.751,53.726,53.729,53.76,53.82,..
Urban population (% of total population),SP.URB.TOTL.IN.ZS,Slovenia,SVN,50.39,50.754,53.332,53.557,53.781,54.02,54.273,54.541,54.822,55.118,55.427,..
Urban population (% of total population),SP.URB.TOTL.IN.ZS,Solomon Islands,SLB,13.677,15.813,21.433,21.896,22.36,22.823,23.286,23.749,24.21,24.67,25.128,..
Urban population (% of total population),SP.URB.TOTL.IN.ZS,Somalia,SOM,29.658,33.247,42.117,42.679,43.245,43.816,44.391,44.971,45.554,46.141,46.731,..
Urban population (% of total population),SP.URB.TOTL.IN.ZS,South Africa,ZAF,52.037,56.891,63.793,64.312,64.828,65.341,65.85,66.355,66.856,67.354,67.847,..
Urban population (% of total population),SP.URB.TOTL.IN.ZS,South Sudan,SSD,13.276,16.504,18.415,18.626,18.852,19.092,19.346,19.615,19.899,20.199,20.514,..
Urban population (% of total population),SP.URB.TOTL.IN.ZS,Spain,ESP,75.351,76.262,79.133,79.366,79.602,79.84,80.08,80.321,80.565,80.81,81.056,..
Urban population (% of total population),SP.URB.TOTL.IN.ZS,Sri Lanka,LKA,18.535,18.38,18.198,18.218,18.256,18.311,18.384,18.476,18.585,18.713,18.86,..
Urban population (% of total population),SP.URB.TOTL.IN.ZS,St. Kitts and Nevis,KNA,34.609,32.778,30.964,30.885,30.827,30.79,30.773,30.776,30.799,30.843,30.906,..
Urban population (% of total population),SP.URB.TOTL.IN.ZS,St. Lucia,LCA,29.349,27.774,18.461,18.482,18.515,18.558,18.612,18.678,18.754,18.841,18.94,..
Urban population (% of total population),SP.URB.TOTL.IN.ZS,St. Martin (French part),MAF,..,..,..,..,..,..,..,..,..,..,..,..
Urban population (% of total population),SP.URB.TOTL.IN.ZS,St. Vincent and the Grenadines,VCT,41.409,45.186,50.154,50.558,50.964,51.373,51.784,52.198,52.614,53.032,53.452,..
Urban population (% of total population),SP.URB.TOTL.IN.ZS,Sudan,SDN,28.61,32.495,33.507,33.689,33.894,34.121,34.37,34.642,34.936,35.253,35.593,..
Urban population (% of total population),SP.URB.TOTL.IN.ZS,Suriname,SUR,65.706,66.444,66.14,66.089,66.056,66.04,66.041,66.06,66.095,66.149,66.219,..
Urban population (% of total population),SP.URB.TOTL.IN.ZS,Sweden,SWE,83.1,84.026,85.936,86.247,86.553,86.852,87.146,87.431,87.708,87.977,88.238,..
Urban population (% of total population),SP.URB.TOTL.IN.ZS,Switzerland,CHE,73.926,73.383,73.674,73.696,73.718,73.739,73.761,73.797,73.849,73.915,73.996,..
Urban population (% of total population),SP.URB.TOTL.IN.ZS,Syrian Arab Republic,SYR,48.931,51.947,52.529,51.5,52.168,52.835,53.5,54.162,54.821,55.475,56.124,..
Urban population (% of total population),SP.URB.TOTL.IN.ZS,Tajikistan,TJK,31.658,26.501,26.589,26.655,26.742,26.851,26.982,27.134,27.309,27.506,27.726,..
Urban population (% of total population),SP.URB.TOTL.IN.ZS,Tanzania,TZA,18.884,22.309,30.196,30.904,31.617,32.333,33.053,33.776,34.5,35.227,35.954,..
Urban population (% of total population),SP.URB.TOTL.IN.ZS,Thailand,THA,29.424,31.386,46.193,46.943,47.694,48.448,49.2,49.949,50.692,51.43,52.163,..
Urban population (% of total population),SP.URB.TOTL.IN.ZS,Timor-Leste,TLS,20.842,24.263,28.779,29.133,29.49,29.85,30.212,30.578,30.947,31.32,31.695,..
Urban population (% of total population),SP.URB.TOTL.IN.ZS,Togo,TGO,28.589,32.907,39.061,39.579,40.1,40.628,41.162,41.702,42.248,42.8,43.358,..
Urban population (% of total population),SP.URB.TOTL.IN.ZS,Tonga,TON,22.704,23.012,23.382,23.328,23.275,23.222,23.169,23.131,23.107,23.099,23.104,..
Urban population (% of total population),SP.URB.TOTL.IN.ZS,Trinidad and Tobago,TTO,54.124,55.905,53.53,53.413,53.319,53.25,53.205,53.184,53.187,53.214,53.265,..
Urban population (% of total population),SP.URB.TOTL.IN.ZS,Tunisia,TUN,57.946,63.432,67.495,67.772,68.056,68.346,68.642,68.945,69.254,69.568,69.888,..
Urban population (% of total population),SP.URB.TOTL.IN.ZS,Turkiye,TUR,59.203,64.741,72.531,73.077,73.611,74.134,74.644,75.143,75.63,76.105,76.569,..
Urban population (% of total population),SP.URB.TOTL.IN.ZS,Turkmenistan,TKM,45.075,45.913,49.541,49.921,50.317,50.728,51.153,51.593,52.048,52.516,52.998,..
Urban population (% of total population),SP.URB.TOTL.IN.ZS,Turks and Caicos Islands,TCA,74.343,84.55,91.483,91.851,92.195,92.517,92.817,93.098,93.36,93.605,93.834,..
Urban population (% of total population),SP.URB.TOTL.IN.ZS,Tuvalu,TUV,40.661,46.018,57.814,58.786,59.73,60.645,61.53,62.387,63.215,64.014,64.785,..
Urban population (% of total population),SP.URB.TOTL.IN.ZS,Uganda,UGA,11.076,14.786,20.958,21.504,22.06,22.624,23.196,23.774,24.361,24.954,25.553,..
Urban population (% of total population),SP.URB.TOTL.IN.ZS,Ukraine,UKR,66.757,67.145,68.875,68.968,69.061,69.154,69.246,69.352,69.473,69.608,69.757,..
Urban population (% of total population),SP.URB.TOTL.IN.ZS,United Arab Emirates,ARE,79.051,80.236,85.066,85.375,85.674,85.965,86.248,86.522,86.789,87.048,87.299,..
Urban population (% of total population),SP.URB.TOTL.IN.ZS,United Kingdom,GBR,78.14,78.651,82.102,82.365,82.626,82.886,83.143,83.398,83.652,83.903,84.152,..
Urban population (% of total population),SP.URB.TOTL.IN.ZS,United States,USA,75.3,79.057,81.299,81.483,81.671,81.862,82.058,82.256,82.459,82.664,82.873,..
Urban population (% of total population),SP.URB.TOTL.IN.ZS,Uruguay,URY,88.973,92.028,94.843,94.945,95.045,95.144,95.24,95.334,95.426,95.515,95.603,..
Urban population (% of total population),SP.URB.TOTL.IN.ZS,Uzbekistan,UZB,41.365,46.126,50.95,50.85,50.75,50.65,50.55,50.478,50.433,50.416,50.427,..
Urban population (% of total population),SP.URB.TOTL.IN.ZS,Vanuatu,VUT,18.715,21.673,24.761,24.861,24.961,25.062,25.163,25.274,25.394,25.525,25.665,..
Urban population (% of total population),SP.URB.TOTL.IN.ZS,"Venezuela, RB",VEN,84.284,87.559,88.133,88.144,88.154,88.165,88.183,88.208,88.24,88.279,88.325,..
Urban population (% of total population),SP.URB.TOTL.IN.ZS,Vietnam,VNM,20.257,24.374,32.429,33.115,33.809,34.51,35.213,35.919,36.628,37.34,38.052,..
Urban population (% of total population),SP.URB.TOTL.IN.ZS,Virgin Islands (U.S.),VIR,87.685,92.586,95.07,95.213,95.35,95.48,95.603,95.721,95.832,95.939,96.04,..
Urban population (% of total population),SP.URB.TOTL.IN.ZS,West Bank and Gaza,PSE,67.709,71.969,74.863,75.113,75.368,75.628,75.894,76.164,76.44,76.719,77.003,..
Urban population (% of total population),SP.URB.TOTL.IN.ZS,"Yemen, Rep.",YEM,20.931,26.267,33.559,34.165,34.777,35.394,36.016,36.642,37.273,37.908,38.546,..
Urban population (% of total population),SP.URB.TOTL.IN.ZS,Zambia,ZMB,39.407,34.802,40.865,41.382,41.907,42.438,42.976,43.521,44.072,44.629,45.192,..
Urban population (% of total population),SP.URB.TOTL.IN.ZS,Zimbabwe,ZWE,28.988,33.758,32.654,32.504,32.385,32.296,32.237,32.209,32.21,32.242,32.303,..
Urban population (% of total population),SP.URB.TOTL.IN.ZS,Africa Eastern and Southern,AFE,25.2027985279673,28.7727799350881,33.4762079430807,33.9369592592627,34.4255806890373,34.8947498920365,35.3588983011336,35.8475956934901,36.3362575477093,36.8283007969397,37.3236974939581,..
Urban population (% of total population),SP.URB.TOTL.IN.ZS,Africa Western and Central,AFW,30.9705411096988,35.3370493782956,43.5540938885034,44.180175009112,44.8058632577217,45.4250663763621,46.0394778242827,46.6494258286276,47.2554132163805,47.857831024778,48.4548062699179,..
Urban population (% of total population),SP.URB.TOTL.IN.ZS,Arab World,ARB,50.074412080139,53.0559973795537,57.1779738210308,57.507260831792,57.8461531322777,58.1232553821431,58.3712899667064,58.6295761563896,58.8838169749636,59.0876190110407,59.2948864669767,..
Urban population (% of total population),SP.URB.TOTL.IN.ZS,Caribbean small states,CSS,48.890695508264,50.3972958347443,50.7721913746076,50.8567515329248,50.9562535915473,51.0691969628942,51.1968908347543,51.2831107723078,51.4126471802246,51.6043729145086,51.7824108322016,..
Urban population (% of total population),SP.URB.TOTL.IN.ZS,Central Europe and the Baltics,CEB,61.3918489105076,61.4761873574983,62.0968137366794,62.1136451427738,62.1406724582082,62.1844843229932,62.2484547292635,62.3336666035846,62.4381392131022,62.561454243107,62.6892263629431,..
Urban population (% of total population),SP.URB.TOTL.IN.ZS,Early-demographic dividend,EAR,34.8810425668731,38.3124620872456,43.0694225622447,43.4651225537468,43.8800312232045,44.2841091018813,44.6778629117447,45.0735164665245,45.4745668405316,45.872732237307,46.2764312962689,..
Urban population (% of total population),SP.URB.TOTL.IN.ZS,East Asia & Pacific,EAS,33.9803055270516,41.4405420320708,54.6637466620364,55.5523143373448,56.438638125563,57.3222060045605,58.1972582891583,59.054742639197,59.8909778438679,60.6987284260042,61.4732750233244,..
Urban population (% of total population),SP.URB.TOTL.IN.ZS,East Asia & Pacific (excluding high income),EAP,28.115319218198,36.590295248539,50.6995227372653,51.7054756869838,52.7061544342912,53.7020454408432,54.6896282845078,55.6527393592902,56.5883000730599,57.4955734625248,58.3746234613227,..
Urban population (% of total population),SP.URB.TOTL.IN.ZS,East Asia & Pacific (IDA & IBRD countries),TEA,27.7158054328815,36.2916606626688,50.5706288498647,51.5873523494421,52.5986087631039,53.6047753499402,54.6023491585148,55.5748529270474,56.5192103941673,57.4347178861725,58.321417787039,..
Urban population (% of total population),SP.URB.TOTL.IN.ZS,Euro area,EMU,71.2179663987137,72.9421812441936,75.9285537608131,76.1274356900047,76.3385341710104,76.5521826500544,76.7696076166806,76.9927749642774,77.2316707115529,77.4639055479326,77.699892569454,..
Urban population (% of total population),SP.URB.TOTL.IN.ZS,Europe & Central Asia,ECS,67.5922241619639,68.7199752931858,71.2838210829806,71.4563058288888,71.6363609729847,71.8217922480359,72.0111433027269,72.2059784659183,72.4072057730198,72.609950447762,72.8224160321541,..
Urban population (% of total population),SP.URB.TOTL.IN.ZS,Europe & Central Asia (excluding high income),ECA,63.663723508087,64.5296992628077,66.7743241522391,66.9394429226498,67.1097398200633,67.2831322285093,67.4570906751634,67.6301777744292,67.8073047286831,67.9883218820153,68.1740241925032,..
Urban population (% of total population),SP.URB.TOTL.IN.ZS,Europe & Central Asia (IDA & IBRD countries),TEC,62.7391885831684,63.5716031346416,65.5622347879521,65.7044263286559,65.8537910597137,66.0091656048745,66.16746407157,66.3268266292051,66.4924325045159,66.6648414512087,66.8482888817966,..
Urban population (% of total population),SP.URB.TOTL.IN.ZS,European Union,EUU,69.3666789796831,70.8257908579784,73.539117148355,73.7174762805141,73.9077723119515,74.1046242966669,74.3070266759772,74.5169353950784,74.7386633777464,74.9605400681448,75.1975712781401,..
Urban population (% of total population),SP.URB.TOTL.IN.ZS,Fragile and conflict affected situations,FCS,35.2213037980399,37.2206642515865,41.1066366525558,41.4522604467697,41.8308790391046,42.2057203731384,42.571695545035,42.9197842496575,43.2686293738365,43.644088602267,44.0393171505215,..
Urban population (% of total population),SP.URB.TOTL.IN.ZS,Heavily indebted poor countries (HIPC),HPC,25.4409392681546,28.7173036324805,33.7922120514765,34.2331207470232,34.6872323546991,35.1500787535772,35.612932485169,36.0789577950237,36.5507593478923,37.0293808526959,37.5157943246255,..
Urban population (% of total population),SP.URB.TOTL.IN.ZS,High income,HIC,73.7757400777737,76.1915284443125,80.0162724817628,80.184371699091,80.359506158136,80.538297204799,80.7193832631427,80.9037719321084,81.0966345015751,81.2827523368558,81.4674538120607,..
Urban population (% of total population),SP.URB.TOTL.IN.ZS,IBRD only,IBD,38.5374674178036,43.6902754126063,52.0256979619885,52.6581976600861,53.287738085778,53.9073877561042,54.5206211446676,55.1255596627447,55.7218772977331,56.3087263878742,56.8899722358403,..
Urban population (% of total population),SP.URB.TOTL.IN.ZS,IDA & IBRD total,IBT,35.9181444222302,40.4411652276512,47.6598694898026,48.2074918849576,48.7600602662882,49.3041935674729,49.8418517456819,50.3713110090664,50.8925821480046,51.4029545428533,51.9046694149619,..
Urban population (% of total population),SP.URB.TOTL.IN.ZS,IDA blend,IDB,30.2581711663623,33.8878497347807,39.8320608128441,40.2966957063563,40.766840102098,41.2390160837326,41.7105516060577,42.1878840162772,42.6719640958461,43.1605876501739,43.6537676452116,..
Urban population (% of total population),SP.URB.TOTL.IN.ZS,IDA only,IDX,23.0732974086568,26.2672363856328,31.7226206593556,32.1395458663673,32.6147329473028,33.1105286002123,33.6167328542111,34.1303734365215,34.6531641630946,35.1772038591029,35.7020876687292,..
Urban population (% of total population),SP.URB.TOTL.IN.ZS,IDA total,IDA,25.4398125921666,28.8094690383328,34.4439847463021,34.8749464251071,35.3443640658796,35.8255385630914,36.3137005450723,36.8100191810716,37.3146540500411,37.8224048548193,38.3331922983751,..
Urban population (% of total population),SP.URB.TOTL.IN.ZS,Late-demographic dividend,LTE,38.8060302014071,45.6397018681329,58.0279886813036,58.9228793586551,59.8115327904848,60.6948365204439,61.5702986539725,62.4311981962772,63.2738908694456,64.0888365415329,64.8761134229437,..
Urban population (% of total population),SP.URB.TOTL.IN.ZS,Latin America & Caribbean,LCN,70.6927317735225,75.5023676958352,79.3863342145714,79.6495960777735,79.9100806771376,80.1657831218561,80.4144531276213,80.6507081658117,80.8888555976171,81.1345696346194,81.3770349656778,..
Urban population (% of total population),SP.URB.TOTL.IN.ZS,Latin America & Caribbean (excluding high income),LAC,69.4246080530212,74.4241738619951,78.6636510547205,78.9541775243717,79.2415509833092,79.5245952798838,79.8038864436457,80.0770536608424,80.3482986968432,80.6190591795483,80.8854026853617,..
Urban population (% of total population),SP.URB.TOTL.IN.ZS,Latin America & the Caribbean (IDA & IBRD countries),TLA,70.4477003927976,75.3765080915947,79.3673019591686,79.6387285794408,79.9070644960537,80.1703326069993,80.4261912598535,80.6698839141412,80.9123307981194,81.1604491275148,81.4068571996052,..
Urban population (% of total population),SP.URB.TOTL.IN.ZS,Least developed countries: UN classification,LDC,21.4968447724199,25.0034236920757,30.9853296693126,31.502046202245,32.0278923787546,32.5628128213206,33.1031178968817,33.6434969188469,34.183200899884,34.7240029403923,35.2686897026611,..
Urban population (% of total population),SP.URB.TOTL.IN.ZS,Low & middle income,LMY,35.3691587722834,39.9755325009506,47.3245085070562,47.8820330962363,48.4443301946792,48.9982036505553,49.5469573952228,50.089943232658,50.6245874512537,51.1458623811992,51.6571235216204,..
Urban population (% of total population),SP.URB.TOTL.IN.ZS,Low income,LIC,24.719322945783,27.2191218996537,30.9525466070215,31.3198389703487,31.705330595439,32.108299500387,32.522399238155,32.9393295996422,33.3580586264296,33.7859414630593,34.2264348665845,..
Urban population (% of total population),SP.URB.TOTL.IN.ZS,Lower middle income,LMC,30.4337059125283,33.80007802357,39.214994331817,39.6770096731637,40.1426186653236,40.6044676266476,41.0686441935132,41.5410383202524,42.0208924329802,42.5056103661568,42.9971651088421,..
Urban population (% of total population),SP.URB.TOTL.IN.ZS,Middle East & North Africa,MEA,54.671390343776,58.4838426576042,63.2755312030127,63.6534664834985,64.0573700796651,64.3994716193998,64.711306676216,65.0212269981976,65.3131692463537,65.5600453118462,65.8062935809761,..
Urban population (% of total population),SP.URB.TOTL.IN.ZS,Middle East & North Africa (excluding high income),MNA,51.5982624913163,55.2948814011358,59.5694238699145,59.9497269847317,60.3566537794301,60.6881917631756,60.9917609724414,61.2944677612403,61.591124938895,61.8923206691563,62.2028611991592,..
Urban population (% of total population),SP.URB.TOTL.IN.ZS,Middle East & North Africa (IDA & IBRD countries),TMN,51.4577798376961,55.1214710040475,59.395867001728,59.7770992837043,60.185203004001,60.5168085004142,60.8202870729607,61.1219459050215,61.4174454026043,61.7173444290072,62.0265042487802,..
Urban population (% of total population),SP.URB.TOTL.IN.ZS,Middle income,MIC,36.1688285214236,41.0592675092833,49.0546374666809,49.6662174666969,50.2747317872282,50.8733087583128,51.4663366714437,52.0540631562503,52.6344468360161,53.2012988432675,53.7572923517612,..
Urban population (% of total population),SP.URB.TOTL.IN.ZS,North America,NAC,75.433269385553,79.102424122048,81.2903741868684,81.459871950822,81.6330936928194,81.8087700069008,81.9896398054891,82.1730644088119,82.3616890265939,82.5535857429974,82.7499153328578,..
Urban population (% of total population),SP.URB.TOTL.IN.ZS,Not classified,INX,..,..,..,..,..,..,..,..,..,..,..,..
Urban population (% of total population),SP.URB.TOTL.IN.ZS,OECD members,OED,73.0382756985206,75.6023211012399,79.5976425314764,79.7888666107227,79.984407728888,80.183683700842,80.3876785645168,80.5954390701777,80.8101763842584,81.0250440950706,81.2394184299766,..
Urban population (% of total population),SP.URB.TOTL.IN.ZS,Other small states,OSS,45.1046953851524,50.1126126494765,59.1842023426604,59.8596036724385,60.5464354374269,61.1855217288525,61.7347514596216,62.1935980525568,62.6139122228033,62.8997185884768,63.151889073295,..
Urban population (% of total population),SP.URB.TOTL.IN.ZS,Pacific island small states,PSS,31.5869108933856,34.4596709145678,37.5978478959627,37.8224926915805,38.0440977570364,38.2597602654229,38.4685447800817,38.6770227270373,38.8827944465255,39.0948235929374,39.3122884677537,..
Urban population (% of total population),SP.URB.TOTL.IN.ZS,Post-demographic dividend,PST,74.0592326409939,76.4544776991372,80.4033495094097,80.5710812255378,80.7439259988941,80.919425939494,81.0987776351427,81.2814606622272,81.473850136216,81.6626228601485,81.8519490329733,..
Urban population (% of total population),SP.URB.TOTL.IN.ZS,Pre-demographic dividend,PRE,28.3721592049856,32.1573899881996,38.6251529065235,39.1732337321584,39.7217182264371,40.2735374364351,40.8286445049975,41.3826831113215,41.9310319358134,42.4791738575947,43.0313796515821,..
Urban population (% of total population),SP.URB.TOTL.IN.ZS,Small states,SST,45.0627343311534,49.1147872939029,56.2329257922311,56.8031001242283,57.3894056267217,57.9420543880895,58.4258665322986,58.8225008698717,59.1981650725866,59.4747463393115,59.7143395175268,..
Urban population (% of total population),SP.URB.TOTL.IN.ZS,South Asia,SAS,25.0783670878578,27.4241819384415,31.9746258307201,32.3622552620935,32.7588012182463,33.1641795947176,33.5791381747073,34.0058991979748,34.4446340578761,34.8932057886199,35.3519249926791,..
Urban population (% of total population),SP.URB.TOTL.IN.ZS,South Asia (IDA & IBRD),TSA,25.0783670878578,27.4241819384415,31.9746258307201,32.3622552620935,32.7588012182463,33.1641795947176,33.5791381747073,34.0058991979748,34.4446340578761,34.8932057886199,35.3519249926791,..
Urban population (% of total population),SP.URB.TOTL.IN.ZS,Sub-Saharan Africa,SSF,27.5108685048332,31.4095085128199,37.5618721841812,38.0890667437435,38.631318548723,39.1609033019984,39.6871962032372,40.2245451837609,40.7592828620726,41.2944162508849,41.8300531130444,..
Urban population (% of total population),SP.URB.TOTL.IN.ZS,Sub-Saharan Africa (excluding high income),SSA,27.5079406524581,31.407208821595,37.5602733512879,38.0874954065807,38.6297654002775,39.159379960528,39.6857029721144,40.2230865030119,40.757858709638,41.2930262588857,41.8286965243514,..
Urban population (% of total population),SP.URB.TOTL.IN.ZS,Sub-Saharan Africa (IDA & IBRD countries),TSS,27.5108685048332,31.4095085128199,37.5618721841812,38.0890667437435,38.631318548723,39.1609033019984,39.6871962032372,40.2245451837609,40.7592828620726,41.2944162508849,41.8300531130444,..
Urban population (% of total population),SP.URB.TOTL.IN.ZS,Upper middle income,UMC,42.1742513710337,49.3385756968911,61.6538865047678,62.5409876341236,63.4201166525398,64.2889254782143,65.1443257800254,65.9842872223382,66.8046238078838,67.6014421316137,68.3753687703206,..
Urban population (% of total population),SP.URB.TOTL.IN.ZS,World,WLD,43.0033467434163,46.6578520297892,52.9118826922784,53.3682139537679,53.8313851558401,54.2899711297511,54.7417769866207,55.1889039960519,55.6302636409428,56.0637640620957,56.4775413853993,..